id_istat,comune,provincia,sigla_prov,temp_media_c,precip_media_mm,deficit_media_mm,temp_trend_c_decade,precip_trend_mm_decade,temp_trend_pvalue,precip_trend_pvalue,temp_trend_sig,precip_trend_sig,deficit_trend_mm_decade,deficit_trend_pvalue,deficit_trend_sig,anomalia_estate_zscore,anomalia_estate_trend_zscore_decade,anomalia_estate_trend_pvalue,anomalia_estate_trend_sig,pdsi_media,incendi_area_ha_media_annua,incendi_count_media_annua,pdsi_trend_decade,incendi_area_trend_ha_decade,incendi_count_trend_decade,incendi_area_ha_totale_2007_2024,incendi_count_totale_2007_2024
081001,Alcamo,Trapani,TP,17.68887061403509,507.81911764705876,745.3990712074302,0.311,-3.6,0.0,0.546,True,False,20.8,0.0016,True,0.0,0.414,0.0,True,-0.83,71.56,2.11,-0.75,-125.8,2.0,1288.15,38
081002,Buseto Palizzolo,Trapani,TP,17.144285593792173,530.1523279352225,712.0035425101215,0.297,-5.6,0.0,0.3669,True,False,21.2,0.0006,True,0.0,0.397,0.0,True,-1.0,192.41,2.22,-1.046,3569.5,19.2,3463.31,40
081003,Calatafimi-Segesta,Trapani,TP,17.2264750417711,522.5355889724311,719.3245614035088,0.301,-4.8,0.0,0.4319,True,False,20.3,0.0012,True,0.0,0.401,0.0,True,-0.89,163.54,7.61,-0.881,1933.9,70.8,2943.65,137
081004,Campobello di Mazara,Trapani,TP,18.246466307814995,484.9942583732058,751.9773923444976,0.18,-9.8,0.0,0.0752,True,False,13.2,0.0091,True,0.0,0.202,0.0,True,-0.58,1.63,0.11,-1.213,43.6,3.1,29.35,2
081005,Castellammare del Golfo,Trapani,TP,17.07813870614035,529.0006578947368,704.3079769736842,0.306,-4.7,0.0,0.4468,True,False,21.5,0.0007,True,0.0,0.41,0.0,True,-0.99,412.88,9.22,-0.965,2072.1,38.3,7431.79,166
081006,Castelvetrano,Trapani,TP,18.04212909992372,460.9253157894737,696.4592105263159,0.218,-8.3,0.0,0.1506,True,False,15.7,0.0046,True,0.0,0.266,0.0,True,-0.58,87.09,6.17,-1.166,1063.7,40.6,1567.56,111
081007,Custonaci,Trapani,TP,17.131279520917673,528.0306680161943,700.1917004048584,0.284,-6.4,0.0,0.2923,True,False,21.3,0.0004,True,0.0,0.38,0.0,True,-0.99,682.09,4.17,-1.052,5056.1,25.6,12277.6,75
081008,Erice,Trapani,TP,17.651091507177032,471.47763157894724,662.0672149122807,0.267,-7.7,0.0,0.1888,True,False,21.1,0.0003,True,0.0,0.354,0.0,True,-0.97,118.51,2.06,-1.025,449.7,-5.7,2133.22,37
081009,Favignana,Trapani,TP,17.435117623604473,342.04967105263154,449.6892269736843,0.169,-14.8,0.0,0.0084,True,True,15.7,0.001,True,0.0,0.21,0.0,True,-1.14,0.25,0.17,-0.698,0.4,1.8,4.58,3
081010,Gibellina,Trapani,TP,17.182351973684217,522.6961842105263,721.2076315789474,0.289,-5.3,0.0,0.3899,True,False,19.1,0.0021,True,0.0,0.384,0.0,True,-0.8,52.7,4.83,-0.84,266.2,22.8,948.63,87
081011,Marsala,Trapani,TP,18.024361685463656,498.7604793233083,737.0805921052631,0.232,-9.9,0.0,0.0794,True,False,18.4,0.0007,True,0.0,0.297,0.0,True,-0.95,26.94,1.39,-0.878,594.0,17.8,484.87,25
081012,Mazara del Vallo,Trapani,TP,18.07268823099415,498.8568421052632,745.3865350877193,0.221,-9.3,0.0,0.1038,True,False,16.3,0.0024,True,0.0,0.274,0.0,True,-0.77,29.9,1.28,-1.028,357.2,13.5,538.1800000000001,23
081013,Paceco,Trapani,TP,18.021037679425838,503.31818181818176,741.4285885167466,0.26,-8.2,0.0,0.1531,True,False,20.7,0.0003,True,0.0,0.341,0.0,True,-0.94,0.41,0.11,-0.993,14.0,0.9,7.3100000000000005,2
081014,Pantelleria,Trapani,TP,18.282127192982454,420.5146761133602,735.813157894737,0.146,-8.8,0.0,0.1216,True,False,7.3,0.1068,False,0.0,0.152,0.0,True,-1.3,55.24,3.39,-1.974,-38.0,-24.8,994.33,61
081015,Partanna,Trapani,TP,17.349255299707597,523.5464912280702,730.398355263158,0.261,-6.8,0.0,0.2683,True,False,17.8,0.0027,True,0.0,0.338,0.0,True,-0.71,4.31,1.0,-0.962,55.4,16.3,77.54,18
081016,Poggioreale,Trapani,TP,17.416337719298244,514.9296052631581,731.8267543859648,0.287,-4.2,0.0,0.4904,True,False,17.6,0.0051,True,0.0,0.378,0.0,True,-0.62,116.06,3.11,-0.851,328.9,1.8,2089.09,56
081017,Salaparuta,Trapani,TP,17.257943469785577,520.3821637426901,723.5533625730993,0.282,-5.6,0.0,0.3676,True,False,18.7,0.0025,True,0.0,0.373,0.0,True,-0.74,31.62,1.83,-0.856,430.7,-0.5,569.23,33
081018,Salemi,Trapani,TP,17.324334954233414,525.6991990846682,724.7286041189931,0.279,-6.4,0.0,0.299,True,False,18.8,0.0014,True,0.0,0.368,0.0,True,-0.82,244.64,7.0,-0.981,2354.3,71.1,4403.53,126
081019,Santa Ninfa,Trapani,TP,17.294308213716103,524.4517942583732,726.6868421052632,0.274,-6.3,0.0,0.3056,True,False,18.5,0.002,True,0.0,0.361,0.0,True,-0.76,75.96,5.28,-0.932,536.9,11.1,1367.32,95
081020,San Vito Lo Capo,Trapani,TP,17.272264863547747,519.1061403508771,699.3973684210528,0.274,-6.8,0.0,0.2477,True,False,21.0,0.0003,True,0.0,0.368,0.0,True,-0.92,722.21,2.44,-1.084,7199.5,1.6,12999.83,44
081021,Trapani,Trapani,TP,17.690513157894735,514.8645789473684,731.2322105263157,0.271,-7.4,0.0,0.2133,True,False,20.3,0.0005,True,0.0,0.358,0.0,True,-0.92,69.27,1.33,-1.013,925.4,7.9,1246.78,24
081022,Valderice,Trapani,TP,17.592989309210523,517.3695723684211,724.9838815789473,0.273,-7.4,0.0,0.2143,True,False,21.3,0.0003,True,0.0,0.362,0.0,True,-0.97,15.99,1.44,-1.038,128.5,8.8,287.74,26
081023,Vita,Trapani,TP,16.524259868421055,543.3953947368421,684.2180921052632,0.296,-5.3,0.0,0.4027,True,False,19.1,0.0015,True,0.0,0.393,0.0,True,-0.92,3.09,0.39,-0.933,48.7,8.8,55.56,7
081024,Petrosino,Trapani,TP,18.123812134502927,491.97441520467834,733.2368421052632,0.208,-10.6,0.0,0.0561,True,False,16.2,0.0018,True,0.0,0.255,0.0,True,-0.89,0.0,0.0,-0.889,0.0,0.0,0.0,0
081025,Misiliscemi,Trapani,TP,18.12857624831309,495.3484817813765,737.24504048583,0.241,-9.5,0.0,0.0914,True,False,20.0,0.0003,True,0.0,0.313,0.0,True,-0.98,0.0,0.0,-0.944,0.0,0.0,0.0,0
082001,Alia,-,PA,15.120072642543857,535.0430921052631,638.0741776315791,0.268,2.7,0.0,0.6469,True,False,6.5,0.258,False,0.0,0.336,0.0,True,-0.11,59.62,2.28,-0.315,207.4,16.9,1073.1200000000001,41
082002,Alimena,-,PA,15.328490497076018,521.8941885964913,661.0923245614035,0.252,2.5,0.0,0.6722,True,False,4.3,0.4622,False,0.0,0.297,0.0,True,0.02,33.98,0.67,-0.326,-135.3,-2.8,611.7,12
082003,Aliminusa,-,PA,15.98775584795323,520.6903508771929,668.1657894736841,0.237,1.8,0.0,0.7474,True,False,6.2,0.251,False,0.0,0.297,0.0,True,-0.08,56.66,1.5,-0.233,716.8,-18.5,1019.9399999999999,27
082004,Altavilla Milicia,-,PA,17.110974049707604,496.9991228070175,715.3984649122807,0.226,-0.3,0.0,0.9509,True,False,9.3,0.0732,False,0.0,0.293,0.0,True,-0.23,110.19,2.17,-0.355,-437.3,-13.2,1983.47,39
082005,Altofonte,-,PA,15.37474643640351,548.1865131578946,629.5595394736843,0.273,-0.4,0.0,0.9496,True,False,10.7,0.0528,False,0.0,0.354,0.0,True,-0.52,180.4,9.06,-0.308,1511.2,20.8,3247.21,163
082006,Bagheria,-,PA,18.183969298245618,474.53578947368413,771.6078947368421,0.223,-1.8,0.0,0.7164,True,False,11.2,0.0295,True,0.0,0.294,0.0,True,-0.11,15.65,2.11,-0.547,50.9,15.7,281.65999999999997,38
082007,Balestrate,-,PA,18.424698464912275,480.14605263157887,778.6338815789472,0.307,-3.9,0.0,0.4922,True,False,21.9,0.0008,True,0.0,0.409,0.0,True,-0.78,2.4,0.28,-0.726,63.5,4.2,43.25,5
082008,Baucina,-,PA,15.569444444444445,535.9535087719298,648.3550438596491,0.246,0.9,0.0,0.8795,True,False,8.2,0.1298,False,0.0,0.32,0.0,True,-0.31,9.19,1.06,-0.296,-57.5,4.1,165.38,19
082009,Belmonte Mezzagno,-,PA,16.396418128654982,519.3348684210526,680.4686403508771,0.252,-0.8,0.0,0.8813,True,False,11.0,0.0446,True,0.0,0.329,0.0,True,-0.43,141.41,8.0,-0.382,766.2,41.3,2545.31,144
082010,Bisacquino,-,PA,15.918154239766084,543.1057894736842,667.9068421052632,0.269,-2.5,0.0,0.6881,True,False,11.8,0.039,True,0.0,0.345,0.0,True,-0.38,54.25,3.44,-0.815,270.3,31.3,976.45,62
082011,Bolognetta,-,PA,16.57789884868421,510.1902960526316,694.3628289473684,0.247,0.2,0.0,0.9657,True,False,9.8,0.073,False,0.0,0.322,0.0,True,-0.32,35.54,1.83,-0.383,238.0,26.2,639.64,33
082012,Bompietro,-,PA,15.006895711500968,532.3247076023393,639.7271929824562,0.25,3.0,0.0,0.6183,True,False,3.8,0.5071,False,0.0,0.295,0.0,True,0.0,25.15,0.78,-0.215,-260.0,-3.8,452.71,14
082013,Borgetto,-,PA,15.909671052631575,552.3750000000001,655.1397368421053,0.295,-1.8,0.0,0.7741,True,False,14.5,0.0147,True,0.0,0.387,0.0,True,-0.72,182.73,6.17,-0.583,178.3,21.1,3289.18,111
082014,Caccamo,-,PA,16.03348350495805,520.4512013729978,672.4018878718534,0.244,1.5,0.0,0.7916,True,False,7.4,0.1777,False,0.0,0.311,0.0,True,-0.16,188.8,8.89,-0.271,-251.9,4.6,3398.41,160
082015,Caltavuturo,-,PA,15.003252923976607,536.9102631578949,629.3649122807018,0.249,2.7,0.0,0.6496,True,False,4.7,0.405,False,0.0,0.302,0.0,True,-0.03,121.1,3.22,-0.175,1631.9,22.4,2179.87,58
082016,Campofelice di Fitalia,-,PA,15.827662037037028,524.9118421052632,663.4714912280701,0.275,1.4,0.0,0.8067,True,False,9.1,0.1177,False,0.0,0.358,0.0,True,-0.18,33.52,0.94,-0.483,89.6,4.2,603.31,17
082017,Campofelice di Roccella,-,PA,17.887291666666663,473.19421052631577,747.2002631578946,0.203,-0.3,0.0,0.9591,True,False,7.3,0.1369,False,0.0,0.26,0.0,True,-0.01,4.49,0.61,-0.165,-74.7,-10.1,80.89999999999999,11
082018,Campofiorito,-,PA,15.093442982456144,562.7731578947369,636.0255263157894,0.274,-1.1,0.0,0.8602,True,False,9.9,0.078,False,0.0,0.353,0.0,True,-0.28,32.99,0.67,-0.631,105.2,4.3,593.85,12
082019,Camporeale,-,PA,17.200486567982455,519.5185855263157,727.2182565789474,0.3,-2.9,0.0,0.6261,True,False,17.5,0.0062,True,0.0,0.396,0.0,True,-0.7,23.43,0.5,-0.786,-510.6,-2.7,421.76,9
082020,Capaci,-,PA,17.292530153508768,508.6667763157895,716.0161184210526,0.246,-4.1,0.0,0.4515,True,False,14.0,0.0099,True,0.0,0.319,0.0,True,-0.5,21.55,1.89,-0.651,-352.2,-11.6,387.95,34
082021,Carini,-,PA,17.471896929824563,508.65394736842103,727.3850000000001,0.267,-4.1,0.0,0.4598,True,False,16.3,0.0045,True,0.0,0.349,0.0,True,-0.61,223.37,8.56,-0.726,-299.1,-2.6,4020.61,154
082022,Castelbuono,-,PA,15.063048245614034,537.503216374269,595.0793859649124,0.211,0.5,0.0,0.9286,True,False,5.4,0.26,False,0.0,0.266,0.0,True,-0.12,50.08,2.0,-0.421,-400.9,-29.8,901.51,36
082023,Casteldaccia,-,PA,16.839138645224168,506.02149122807015,705.4720760233918,0.231,-0.2,0.0,0.9656,True,False,9.3,0.0741,False,0.0,0.3,0.0,True,-0.24,90.23,1.89,-0.359,-474.2,-13.3,1624.15,34
082024,Castellana Sicula,-,PA,14.404440789473691,548.9977796052631,611.5191611842106,0.25,2.9,0.0,0.6434,True,False,3.9,0.4901,False,0.0,0.298,0.0,True,-0.02,41.51,1.72,-0.195,442.2,2.4,747.25,31
082025,Castronovo di Sicilia,-,PA,14.64708714721587,554.2176773455378,625.3775171624713,0.28,1.7,0.0,0.7938,True,False,7.3,0.1949,False,0.0,0.357,0.0,True,-0.14,134.98,3.61,-0.431,-544.1,8.1,2429.68,65
082026,Cefalà Diana,-,PA,15.506277412280705,532.1720394736843,641.9559210526314,0.261,0.7,0.0,0.9032,True,False,9.3,0.0943,False,0.0,0.34,0.0,True,-0.33,0.29,0.11,-0.345,-7.0,-1.6,5.1899999999999995,2
082027,Cefalù,-,PA,16.030942982456132,513.5357894736842,636.7768421052632,0.201,-0.5,0.0,0.9309,True,False,6.4,0.1817,False,0.0,0.257,0.0,True,-0.11,275.81,5.67,-0.385,-1044.9,-36.6,4964.59,102
082028,Cerda,-,PA,16.754516173245612,501.93371710526316,705.6123355263157,0.23,1.3,0.0,0.8003,True,False,6.4,0.2285,False,0.0,0.288,0.0,True,-0.03,150.1,1.06,-0.199,2912.0,-2.5,2701.87,19
082029,Chiusa Sclafani,-,PA,15.280452551834133,557.5546650717704,640.4505980861245,0.26,-2.2,0.0,0.735,True,False,9.5,0.0849,False,0.0,0.326,0.0,True,-0.28,111.38,5.56,-0.8,-107.7,26.0,2004.8799999999999,100
082030,Ciminna,-,PA,15.990193256578946,523.8249999999999,671.130427631579,0.257,1.2,0.0,0.8339,True,False,8.6,0.1254,False,0.0,0.333,0.0,True,-0.21,38.73,3.56,-0.369,286.3,16.0,697.09,64
082031,Cinisi,-,PA,17.718804824561406,500.76381578947365,737.1667763157894,0.263,-5.1,0.0,0.3581,True,False,17.5,0.0023,True,0.0,0.345,0.0,True,-0.65,31.12,1.83,-0.801,191.7,-3.5,560.15,33
082032,Collesano,-,PA,16.248026315789478,515.8458502024292,674.8461538461537,0.214,0.8,0.0,0.8821,True,False,5.8,0.248,False,0.0,0.269,0.0,True,-0.04,273.99,5.83,-0.16,-2470.9,-22.6,4931.82,105
082033,Contessa Entellina,-,PA,16.539698753462602,531.4502077562328,694.3902354570637,0.271,-3.8,0.0,0.5372,True,False,14.3,0.0157,True,0.0,0.35,0.0,True,-0.49,227.72,3.5,-0.888,322.4,17.7,4099.03,63
082034,Corleone,-,PA,15.096283272837264,557.3176950998185,635.1639745916516,0.279,-0.1,0.0,0.9824,True,False,9.8,0.082,False,0.0,0.362,0.0,True,-0.3,240.79,1.89,-0.521,160.4,8.5,4334.29,34
082035,Ficarazzi,-,PA,18.227850877192985,473.1805921052631,774.0401315789474,0.227,-2.2,0.0,0.669,True,False,11.9,0.0219,True,0.0,0.299,0.0,True,-0.14,0.0,0.0,-0.58,0.0,0.0,0.0,0
082036,Gangi,-,PA,13.929309210526315,563.0699999999999,582.9411403508772,0.243,3.3,0.0,0.5815,True,False,3.2,0.5578,False,0.0,0.291,0.0,True,-0.05,142.94,1.33,-0.152,661.0,-1.3,2573.0099999999998,24
082037,Geraci Siculo,-,PA,13.802580180921058,566.9854440789475,556.2412828947369,0.228,2.1,0.0,0.708,True,False,3.9,0.437,False,0.0,0.28,0.0,True,-0.1,267.52,3.17,-0.302,4001.8,-31.6,4815.34,57
082038,Giardinello,-,PA,15.587545687134494,558.9905701754386,629.6035087719298,0.278,-2.5,0.0,0.6805,True,False,13.3,0.0196,True,0.0,0.363,0.0,True,-0.78,71.58,3.17,-0.582,-1063.9,12.7,1288.46,57
082039,Giuliana,-,PA,15.53491228070175,554.3228947368422,649.1447368421052,0.254,-3.3,0.0,0.6062,True,False,10.2,0.0649,False,0.0,0.315,0.0,True,-0.35,9.95,1.17,-0.913,87.9,3.1,179.02,21
082040,Godrano,-,PA,14.029194078947368,575.7184210526316,578.2802631578946,0.274,0.9,0.0,0.886,True,False,8.1,0.1295,False,0.0,0.356,0.0,True,-0.32,25.45,1.5,-0.211,102.2,1.2,458.11,27
082041,Gratteri,-,PA,15.699129660087719,526.0345394736842,630.9715460526317,0.204,0.2,0.0,0.9759,True,False,5.6,0.253,False,0.0,0.259,0.0,True,-0.07,318.49,1.78,-0.268,-828.9,-23.5,5732.84,32
082042,Isnello,-,PA,12.15633908991228,623.0963815789473,483.91907894736846,0.218,2.0,0.0,0.7594,True,False,2.6,0.5806,False,0.0,0.269,0.0,True,-0.13,48.9,2.33,-0.128,-842.9,3.2,880.28,42
082043,Isola delle Femmine,-,PA,17.869216008771943,327.9565789473684,495.0986842105263,0.24,-4.7,0.0,0.3782,True,False,14.5,0.0065,True,0.0,0.311,0.0,True,-0.38,5.28,0.44,-0.658,95.8,-3.8,94.97,8
082044,Lascari,-,PA,17.263475877192974,488.71973684210525,709.0926315789475,0.201,-0.4,0.0,0.9346,True,False,6.9,0.1542,False,0.0,0.257,0.0,True,-0.05,33.2,1.11,-0.208,320.9,-11.1,597.58,20
082045,Lercara Friddi,-,PA,15.071363304093568,541.0811403508773,640.8859649122809,0.281,2.2,0.0,0.7253,True,False,7.7,0.1807,False,0.0,0.359,0.0,True,-0.13,76.22,0.78,-0.413,390.1,5.4,1371.93,14
082046,Marineo,-,PA,15.37436266447368,539.9228618421052,634.6730263157896,0.264,0.5,0.0,0.9256,True,False,9.4,0.0881,False,0.0,0.344,0.0,True,-0.38,51.29,4.33,-0.282,133.5,32.3,923.25,78
082047,Mezzojuso,-,PA,15.341563109161788,537.7912280701755,636.1219298245613,0.27,1.1,0.0,0.8465,True,False,8.8,0.1146,False,0.0,0.352,0.0,True,-0.26,31.46,1.72,-0.392,416.5,18.4,566.37,31
082048,Misilmeri,-,PA,16.696792763157898,510.36743421052626,699.0785087719299,0.248,-0.5,0.0,0.9241,True,False,10.5,0.0509,False,0.0,0.324,0.0,True,-0.33,203.98,7.11,-0.396,1703.4,41.8,3671.57,128
082049,Monreale,-,PA,16.338083297382802,536.3800258843831,681.9278041415013,0.289,-1.8,0.0,0.766,True,False,14.2,0.0173,True,0.0,0.378,0.0,True,-0.59,902.3,30.72,-0.613,4960.8,49.5,16241.34,553
082050,Montelepre,-,PA,15.587545687134494,558.9905701754386,629.6035087719298,0.278,-2.5,0.0,0.6805,True,False,13.3,0.0196,True,0.0,0.363,0.0,True,-0.78,25.93,4.22,-0.582,71.0,28.0,466.74,76
082051,Montemaggiore Belsito,-,PA,15.154705774853815,539.4118421052632,632.4945175438596,0.248,2.3,0.0,0.694,True,False,5.8,0.286,False,0.0,0.31,0.0,True,-0.13,105.39,3.61,-0.219,-312.0,-29.6,1897.09,65
082052,Palazzo Adriano,-,PA,14.844482655502395,562.1950358851675,630.4966507177033,0.269,-1.0,0.0,0.8829,True,False,8.4,0.1245,False,0.0,0.338,0.0,True,-0.22,195.72,3.72,-0.672,788.7,12.9,3522.92,67
082053,Palermo,-,PA,17.447685185185183,452.87947368421055,657.8725000000001,0.243,-3.0,0.0,0.5781,True,False,12.8,0.0166,True,0.0,0.317,0.0,True,-0.36,486.96,13.61,-0.602,1344.9,-76.7,8765.26,245
082054,Partinico,-,PA,17.63197115384616,506.46002024291494,744.9631578947368,0.305,-2.9,0.0,0.6252,True,False,19.1,0.003,True,0.0,0.404,0.0,True,-0.76,40.02,2.56,-0.715,862.1,34.4,720.41,46
082055,Petralia Soprana,-,PA,13.396502192982453,577.7432894736844,554.5931578947368,0.24,3.2,0.0,0.5985,True,False,2.9,0.5786,False,0.0,0.287,0.0,True,-0.08,111.83,1.72,-0.112,676.4,-6.0,2012.99,31
082056,Petralia Sottana,-,PA,13.908916666666672,564.2688947368421,589.932052631579,0.247,2.5,0.0,0.6949,True,False,3.9,0.4772,False,0.0,0.295,0.0,True,-0.04,90.59,2.44,-0.277,916.4,3.9,1630.71,44
082057,Piana degli Albanesi,-,PA,14.868141945773527,562.1657894736843,614.7136363636364,0.279,0.3,0.0,0.9601,True,False,9.9,0.078,False,0.0,0.363,0.0,True,-0.43,273.65,6.94,-0.283,4600.8,36.4,4925.67,125
082058,Polizzi Generosa,-,PA,13.78558388157895,570.1948026315789,576.4027631578948,0.245,2.9,0.0,0.6415,True,False,3.5,0.5094,False,0.0,0.293,0.0,True,-0.06,141.75,5.33,-0.113,-362.6,7.5,2551.42,96
082059,Pollina,-,PA,16.633985136452235,499.66637426900587,658.4703216374269,0.201,-0.9,0.0,0.8482,True,False,7.6,0.1073,False,0.0,0.259,0.0,True,-0.16,45.08,3.56,-0.629,-414.0,-18.1,811.41,64
082060,Prizzi,-,PA,14.44410453216374,563.012456140351,610.1656140350877,0.282,1.0,0.0,0.8783,True,False,8.1,0.1416,False,0.0,0.366,0.0,True,-0.19,116.87,2.61,-0.411,1242.1,21.4,2103.58,47
082061,Roccamena,-,PA,17.1485014619883,515.926096491228,723.655043859649,0.286,-2.3,0.0,0.6982,True,False,14.8,0.0167,True,0.0,0.374,0.0,True,-0.49,9.1,0.72,-0.856,61.6,8.8,163.81,13
082062,Roccapalumba,-,PA,16.02717242324561,517.7376644736843,680.4672697368421,0.265,2.0,0.0,0.7216,True,False,7.8,0.1746,False,0.0,0.339,0.0,True,-0.11,55.41,1.56,-0.4,125.4,-0.3,997.4,28
082063,San Cipirello,-,PA,16.835756578947368,528.9842105263158,707.3202631578947,0.299,-1.2,0.0,0.8462,True,False,14.6,0.0195,True,0.0,0.391,0.0,True,-0.63,35.62,0.89,-0.735,47.0,-5.6,641.13,16
082064,San Giuseppe Jato,-,PA,15.95168585526316,551.4248355263157,662.9284539473684,0.301,-1.1,0.0,0.8638,True,False,13.9,0.0205,True,0.0,0.394,0.0,True,-0.62,27.57,2.33,-0.512,-47.3,-6.2,496.29,42
082065,San Mauro Castelverde,-,PA,14.88852876676987,542.5270897832818,587.6438854489164,0.214,0.5,0.0,0.92,True,False,5.6,0.2456,False,0.0,0.269,0.0,True,-0.09,385.55,3.56,-0.602,903.6,-20.2,6939.93,64
082066,Santa Cristina Gela,-,PA,14.99085115131579,554.2944078947369,617.6203947368422,0.27,0.3,0.0,0.9651,True,False,9.7,0.0807,False,0.0,0.352,0.0,True,-0.45,272.6,8.94,-0.239,1090.9,50.1,4906.72,161
082067,Santa Flavia,-,PA,18.04549524853801,477.7427631578948,764.954605263158,0.224,-1.4,0.0,0.7801,True,False,10.8,0.0366,True,0.0,0.294,0.0,True,-0.12,3.42,0.67,-0.509,-34.7,0.6,61.480000000000004,12
082068,Sciara,-,PA,17.046859335839603,494.6345864661654,716.2270676691732,0.222,0.9,0.0,0.8572,True,False,6.9,0.1818,False,0.0,0.281,0.0,True,-0.05,36.37,2.22,-0.176,29.6,4.6,654.66,40
082069,Sclafani Bagni,-,PA,15.168962445175438,534.7635416666668,640.727850877193,0.259,2.6,0.0,0.6632,True,False,5.8,0.3066,False,0.0,0.32,0.0,True,-0.07,286.33,2.89,-0.265,-1082.7,-10.1,5153.9800000000005,52
082070,Termini Imerese,-,PA,17.137989505012534,492.18956766917285,720.0565789473686,0.221,0.7,0.0,0.8956,True,False,7.4,0.155,False,0.0,0.28,0.0,True,-0.09,117.66,7.06,-0.181,-169.5,60.4,2117.82,127
082071,Terrasini,-,PA,18.08912646198831,491.344298245614,762.6300438596492,0.281,-4.3,0.0,0.4341,True,False,18.9,0.0018,True,0.0,0.37,0.0,True,-0.63,28.25,1.06,-0.77,-55.0,0.5,508.52,19
082072,Torretta,-,PA,16.846091791979948,521.040037593985,693.978195488722,0.253,-3.7,0.0,0.5164,True,False,13.6,0.0127,True,0.0,0.329,0.0,True,-0.55,98.01,3.94,-0.627,-1028.3,-13.5,1764.2,71
082073,Trabia,-,PA,17.140635964912285,494.53499999999997,715.5455263157894,0.225,0.2,0.0,0.9722,True,False,8.7,0.096,False,0.0,0.29,0.0,True,-0.19,18.06,1.94,-0.3,-45.0,-4.1,325.09,35
082074,Trappeto,-,PA,18.409032346491237,482.3233552631578,780.6842105263158,0.292,-3.9,0.0,0.4841,True,False,20.0,0.0014,True,0.0,0.387,0.0,True,-0.63,0.56,0.17,-0.743,13.2,4.4,10.100000000000001,3
082075,Ustica,-,PA,18.330756578947366,498.7167763157894,742.9184210526315,0.182,-7.7,0.0,0.1568,True,False,8.8,0.0431,True,0.0,0.252,0.0,True,0.01,0.0,0.0,-1.354,0.0,0.0,0.0,0
082076,Valledolmo,-,PA,14.463267543859647,550.2710526315789,608.432105263158,0.263,3.2,0.0,0.6103,True,False,5.1,0.3683,False,0.0,0.324,0.0,True,-0.1,28.05,0.61,-0.174,313.1,5.3,504.89,11
082077,Ventimiglia di Sicilia,-,PA,16.013205866228077,526.2651315789474,667.4800986842104,0.242,0.7,0.0,0.9034,True,False,8.5,0.1167,False,0.0,0.314,0.0,True,-0.29,51.64,1.44,-0.309,-249.8,1.4,929.52,26
082078,Vicari,-,PA,15.670473057644106,528.4190789473685,664.110620300752,0.274,1.8,0.0,0.7541,True,False,8.3,0.1486,False,0.0,0.354,0.0,True,-0.14,169.29,1.78,-0.441,1093.4,4.1,3047.2,32
082079,Villabate,-,PA,18.129632675438597,476.3828947368421,769.6184210526314,0.231,-2.1,0.0,0.676,True,False,12.2,0.0208,True,0.0,0.304,0.0,True,-0.18,6.45,0.22,-0.567,27.5,1.0,116.01,4
082080,Villafrati,-,PA,15.911010599415206,524.0975877192983,664.4146929824561,0.255,0.7,0.0,0.9027,True,False,9.3,0.0952,False,0.0,0.332,0.0,True,-0.32,37.96,1.28,-0.365,163.2,3.4,683.35,23
082081,Scillato,-,PA,14.86810428849902,549.9377192982456,613.2505847953216,0.229,1.9,0.0,0.7403,True,False,4.5,0.3895,False,0.0,0.282,0.0,True,-0.06,115.42,1.06,-0.133,339.6,0.7,2077.51,19
082082,Blufi,-,PA,14.73492324561403,539.601480263158,622.0314144736842,0.248,3.3,0.0,0.5843,True,False,3.5,0.5372,False,0.0,0.293,0.0,True,-0.02,31.79,1.22,-0.159,-66.9,3.8,572.27,22
083001,Alcara li Fusi,-,ME,12.63649820574163,636.5935406698565,453.11866028708124,0.204,3.1,0.0,0.5992,True,False,-0.1,0.9876,False,0.0,0.251,0.0,True,0.34,23.8,1.89,-0.8,-411.1,-7.8,428.47999999999996,34
083002,Alì,-,ME,15.74837719298246,738.4439473684209,469.47710526315785,0.186,-3.2,0.0,0.665,True,False,4.0,0.4749,False,0.0,0.244,0.0,True,0.21,12.41,1.78,-2.219,-192.6,-3.1,223.46,32
083003,Alì Terme,-,ME,17.74718567251463,558.546052631579,405.31151315789464,0.185,-3.1,0.0,0.6907,True,False,4.2,0.4971,False,0.0,0.243,0.0,True,0.19,7.15,1.28,-2.121,-86.9,-10.7,128.66,23
083004,Antillo,-,ME,14.374060150375941,672.050939849624,469.71033834586467,0.188,-1.3,0.0,0.8426,True,False,3.3,0.5246,False,0.0,0.242,0.0,True,0.02,34.44,2.61,-1.797,-589.9,-21.2,619.98,47
083005,Barcellona Pozzo di Gotto,-,ME,17.005723684210523,698.1394736842105,530.1393421052632,0.189,-3.4,0.0,0.5669,True,False,5.8,0.2481,False,0.0,0.248,0.0,True,0.15,67.89,4.06,-2.136,1129.9,21.2,1221.97,73
083006,Basicò,-,ME,15.402174707602335,649.0052631578948,508.46798245614036,0.193,0.1,0.0,0.9829,True,False,1.7,0.7318,False,0.0,0.243,0.0,True,0.15,12.46,0.89,-1.5,-58.7,-2.6,224.32,16
083007,Brolo,-,ME,17.080921052631563,600.7638157894737,593.0210526315791,0.199,-1.1,0.0,0.8223,True,False,5.5,0.2528,False,0.0,0.252,0.0,True,0.1,3.93,0.72,-1.522,-14.9,-2.5,70.71,13
083008,Capizzi,-,ME,11.91109740497076,628.5945175438596,466.8274122807018,0.214,3.0,0.0,0.6231,True,False,0.8,0.8638,False,0.0,0.258,0.0,True,0.08,33.07,1.61,-0.557,-211.4,-0.2,595.3299999999999,29
083009,Capo d'Orlando,-,ME,17.33991228070176,463.3734210526315,495.94736842105266,0.201,-0.5,0.0,0.9154,True,False,5.6,0.2437,False,0.0,0.255,0.0,True,0.14,12.18,2.11,-1.362,-73.2,-12.1,219.22,38
083010,Capri Leone,-,ME,16.422898391812872,583.2171052631578,587.4122807017546,0.202,0.4,0.0,0.9326,True,False,3.9,0.4247,False,0.0,0.254,0.0,True,0.18,13.99,0.67,-1.157,-246.8,-3.9,251.85,12
083011,Caronia,-,ME,14.261291475972541,584.2145881006865,528.2606979405035,0.202,1.1,0.0,0.8323,True,False,3.1,0.5061,False,0.0,0.252,0.0,True,0.15,17.98,1.28,-0.887,-208.5,-5.4,323.6,23
083012,Casalvecchio Siculo,-,ME,15.1984570802005,685.4776315789475,490.202067669173,0.187,-2.0,0.0,0.7756,True,False,3.9,0.4715,False,0.0,0.244,0.0,True,0.06,50.28,4.72,-1.935,-405.8,-42.8,905.1,85
083013,Castel di Lucio,-,ME,13.880274122807029,570.5394736842106,545.4094736842104,0.219,1.4,0.0,0.7915,True,False,4.2,0.3931,False,0.0,0.272,0.0,True,-0.07,93.47,0.44,-0.536,1663.7,0.1,1682.49,8
083014,Castell'Umberto,-,ME,15.465833333333332,604.0447368421052,533.2265789473684,0.202,0.9,0.0,0.8627,True,False,2.2,0.6575,False,0.0,0.252,0.0,True,0.27,13.25,2.33,-1.136,39.6,13.7,238.54,42
083015,Castelmola,-,ME,16.403906250000006,665.3736842105264,559.2046052631579,0.182,-2.2,0.0,0.7576,True,False,3.9,0.5035,False,0.0,0.228,0.0,True,-0.12,43.56,4.72,-2.007,318.6,-4.7,784.11,85
083016,Castroreale,-,ME,15.563596491228068,686.73125,489.9442434210526,0.19,-2.3,0.0,0.7026,True,False,4.5,0.3663,False,0.0,0.248,0.0,True,0.11,18.69,1.83,-2.034,137.1,23.7,336.42,33
083017,Cesarò,-,ME,12.173182017543867,633.7817368421053,463.4585789473685,0.207,4.0,0.0,0.5187,True,False,-1.2,0.7999,False,0.0,0.244,0.0,True,0.26,67.22,3.5,-0.735,662.2,5.5,1209.89,63
083018,Condrò,-,ME,17.744997258771924,751.7598684210526,502.68651315789475,0.187,-4.8,0.0,0.454,True,False,6.2,0.2242,False,0.0,0.246,0.0,True,0.22,20.64,0.44,-2.248,550.4,5.9,371.54,8
083019,Falcone,-,ME,17.116546052631577,644.159210526316,577.8852631578948,0.193,-1.3,0.0,0.8118,True,False,3.8,0.4503,False,0.0,0.244,0.0,True,0.12,13.42,0.33,-1.625,-311.0,-1.5,241.63000000000002,6
083020,Ficarra,-,ME,16.397162828947362,605.1069078947369,563.38125,0.199,-0.5,0.0,0.922,True,False,4.3,0.3777,False,0.0,0.252,0.0,True,0.14,10.2,1.22,-1.366,-23.4,-0.1,183.51,22
083021,Fiumedinisi,-,ME,14.578378563596496,720.2657894736842,434.9077302631579,0.187,-2.9,0.0,0.6703,True,False,3.9,0.4535,False,0.0,0.246,0.0,True,0.16,13.27,1.56,-2.221,-236.1,-21.7,238.92,28
083022,Floresta,-,ME,10.962536549707607,664.6756578947368,397.46776315789475,0.2,3.6,0.0,0.5625,True,False,-1.4,0.7551,False,0.0,0.24,0.0,True,0.21,1.02,0.33,-1.006,-4.4,1.1,18.41,6
083023,Fondachelli-Fantina,-,ME,14.434851973684207,664.9630263157894,471.7982894736841,0.19,-0.7,0.0,0.908,True,False,2.7,0.5963,False,0.0,0.244,0.0,True,0.1,23.29,1.17,-1.702,21.4,-15.5,419.14,21
083024,Forza d'Agrò,-,ME,17.22474415204677,688.6578947368421,569.6021929824561,0.182,-2.9,0.0,0.6964,True,False,4.4,0.4699,False,0.0,0.234,0.0,True,-0.05,14.91,1.61,-2.097,-177.6,-11.2,268.34,29
083025,Francavilla di Sicilia,-,ME,14.087313596491228,648.9761842105262,484.8317105263159,0.191,0.9,0.0,0.8804,True,False,0.7,0.8887,False,0.0,0.233,0.0,True,0.14,62.59,4.11,-1.401,439.7,21.5,1126.58,74
083026,Frazzanò,-,ME,15.089226973684205,598.7440789473683,530.5190789473686,0.203,1.5,0.0,0.7796,True,False,1.6,0.7509,False,0.0,0.254,0.0,True,0.3,32.86,1.78,-0.965,-137.3,-6.1,591.42,32
083027,Furci Siculo,-,ME,15.778344298245623,605.3793233082707,427.34736842105264,0.187,-2.3,0.0,0.7456,True,False,4.0,0.4794,False,0.0,0.245,0.0,True,0.1,25.22,1.17,-2.039,-627.6,-10.0,454.01,21
083028,Furnari,-,ME,17.827604166666664,660.9101973684211,590.2197368421054,0.192,-1.9,0.0,0.7334,True,False,4.5,0.3817,False,0.0,0.246,0.0,True,0.13,2.75,0.61,-1.818,-16.8,8.1,49.54,11
083029,Gaggi,-,ME,16.370970394736858,660.4125000000001,558.6138157894736,0.183,-1.8,0.0,0.7981,True,False,3.6,0.5387,False,0.0,0.229,0.0,True,-0.08,27.93,1.5,-1.922,317.1,14.5,502.75,27
083030,Galati Mamertino,-,ME,12.683744517543852,636.698245614035,444.48728070175434,0.204,3.0,0.0,0.6046,True,False,-0.4,0.9373,False,0.0,0.251,0.0,True,0.34,27.88,3.06,-0.852,-3.2,8.0,501.83,55
083031,Gallodoro,-,ME,16.936787280701747,685.240789473684,562.4469298245613,0.182,-2.8,0.0,0.7075,True,False,4.4,0.4679,False,0.0,0.233,0.0,True,-0.06,20.19,1.17,-2.053,-203.4,0.1,363.46,21
083032,Giardini-Naxos,-,ME,17.929495614035087,648.3017543859651,627.1995614035087,0.179,-2.7,0.0,0.717,True,False,4.0,0.5254,False,0.0,0.22,0.0,True,-0.14,0.26,0.06,-2.143,-1.9,-0.4,4.76,1
083033,Gioiosa Marea,-,ME,16.673209064327484,620.461403508772,566.2359649122807,0.196,-1.6,0.0,0.7498,True,False,5.3,0.2737,False,0.0,0.249,0.0,True,0.04,80.69,4.17,-1.506,449.6,-23.9,1452.43,75
083034,Graniti,-,ME,15.869385964912283,657.6486842105263,540.1002631578947,0.184,-1.3,0.0,0.8502,True,False,3.0,0.5904,False,0.0,0.23,0.0,True,-0.02,12.23,1.28,-1.811,129.4,9.2,220.14,23
083035,Gualtieri Sicaminò,-,ME,16.386151315789473,734.742894736842,467.52684210526314,0.187,-4.1,0.0,0.5171,True,False,5.3,0.2825,False,0.0,0.246,0.0,True,0.18,14.39,0.89,-2.258,135.0,5.9,259.04,16
083036,Itala,-,ME,15.971619152046785,743.6416666666665,473.0565789473685,0.185,-3.3,0.0,0.6545,True,False,4.0,0.4791,False,0.0,0.243,0.0,True,0.22,75.78,0.61,-2.231,-413.7,2.5,1363.97,11
083037,Leni,-,ME,17.439199561403516,658.4907894736842,556.047807017544,0.181,-5.0,0.0,0.3851,True,False,10.0,0.0239,True,0.0,0.238,0.0,True,0.45,0.2,0.06,-2.124,3.2,0.9,3.59,1
083038,Letojanni,-,ME,17.26321271929824,683.3846491228069,578.1671052631579,0.181,-3.1,0.0,0.6831,True,False,4.4,0.4749,False,0.0,0.23,0.0,True,-0.11,12.21,0.67,-2.168,-211.1,-3.4,219.70999999999998,12
083039,Librizzi,-,ME,15.51166849415204,633.9013157894736,517.7105263157895,0.196,0.1,0.0,0.9831,True,False,1.9,0.6994,False,0.0,0.244,0.0,True,0.14,36.82,1.72,-1.304,-1119.7,-31.9,662.8199999999999,31
083040,Limina,-,ME,15.711385233918127,681.1390350877192,515.1486842105263,0.185,-2.1,0.0,0.7663,True,False,4.0,0.474,False,0.0,0.238,0.0,True,-0.01,3.07,0.67,-1.903,-25.3,-5.8,55.33,12
083041,Lipari,-,ME,17.784965016708433,543.0287955465587,456.7060222672065,0.181,-4.7,0.0,0.408,True,False,9.2,0.0356,True,0.0,0.239,0.0,True,0.51,62.35,3.39,-2.056,-176.8,-6.6,1122.29,61
083042,Longi,-,ME,12.528223684210527,637.6292105263158,448.5439473684211,0.205,3.3,0.0,0.5707,True,False,-0.7,0.8882,False,0.0,0.249,0.0,True,0.34,37.7,1.56,-0.802,-688.0,-23.8,678.53,28
083043,Malfa,-,ME,17.11126644736843,655.6802631578948,549.517105263158,0.182,-4.6,0.0,0.4145,True,False,9.8,0.0272,True,0.0,0.238,0.0,True,0.51,0.26,0.17,-2.162,-3.2,-1.2,4.7,3
083044,Malvagna,-,ME,13.757986111111117,639.1285087719297,488.53201754385964,0.192,2.3,0.0,0.7098,True,False,-0.7,0.8955,False,0.0,0.228,0.0,True,0.16,14.71,0.44,-1.26,-297.1,2.0,264.75,8
083045,Mandanici,-,ME,15.56530975877193,709.4674342105262,488.95230263157896,0.187,-2.4,0.0,0.7401,True,False,3.9,0.4833,False,0.0,0.245,0.0,True,0.1,36.31,1.22,-2.104,-65.2,-1.6,653.58,22
083046,Mazzarrà Sant'Andrea,-,ME,17.146491228070175,663.6674342105264,562.3266447368421,0.192,-1.4,0.0,0.8001,True,False,3.8,0.4595,False,0.0,0.246,0.0,True,0.16,2.87,0.28,-1.774,-4.5,0.4,51.650000000000006,5
083047,Merì,-,ME,18.348999451754384,717.452302631579,562.5773026315788,0.189,-4.4,0.0,0.4594,True,False,6.8,0.1833,False,0.0,0.248,0.0,True,0.2,0.18,0.17,-2.181,5.1,4.6,3.32,3
083048,Messina,-,ME,17.487898532388662,770.9970272904485,451.7776315789474,0.183,-6.2,0.0,0.3823,True,False,5.8,0.2554,False,0.0,0.237,0.0,True,0.35,599.56,27.11,-2.335,2928.9,32.8,10792.13,488
083049,Milazzo,-,ME,18.747793311403505,477.0131578947368,385.6771929824561,0.188,-5.2,0.0,0.3669,True,False,8.2,0.107,False,0.0,0.248,0.0,True,0.22,0.0,0.0,-2.16,0.0,0.0,0.0,0
083050,Militello Rosmarino,-,ME,13.690398848684211,618.9417763157894,493.06480263157897,0.203,2.3,0.0,0.6782,True,False,1.0,0.8296,False,0.0,0.251,0.0,True,0.31,20.93,0.72,-0.868,394.8,6.2,376.83,13
083051,Mirto,-,ME,15.897066885964911,594.3559210526315,559.8680921052633,0.203,0.8,0.0,0.8691,True,False,2.8,0.5663,False,0.0,0.254,0.0,True,0.25,4.23,0.94,-1.131,-54.9,-4.7,76.09,17
083052,Mistretta,-,ME,13.7126012145749,580.1136639676114,527.7443319838058,0.212,1.4,0.0,0.797,True,False,3.5,0.4701,False,0.0,0.263,0.0,True,0.03,100.31,2.33,-0.612,331.6,-8.3,1805.6599999999999,42
083053,Moio Alcantara,-,ME,14.05194627192983,634.6039473684209,501.9296052631579,0.192,2.5,0.0,0.6866,True,False,-0.8,0.8731,False,0.0,0.226,0.0,True,0.19,29.12,1.0,-1.254,514.7,11.3,524.1,18
083054,Monforte San Giorgio,-,ME,16.758781897926635,752.3612440191388,475.1557416267943,0.186,-4.7,0.0,0.4692,True,False,5.6,0.2643,False,0.0,0.244,0.0,True,0.26,5.24,0.67,-2.304,-34.8,-9.8,94.4,12
083055,Mongiuffi Melia,-,ME,15.224163925438601,672.3901315789475,507.0404605263157,0.184,-1.9,0.0,0.7826,True,False,3.9,0.4872,False,0.0,0.235,0.0,True,-0.09,104.46,4.44,-1.905,-65.8,-27.3,1880.31,80
083056,Montagnareale,-,ME,15.718322368421052,625.9073684210528,529.1699999999998,0.197,-0.7,0.0,0.9004,True,False,3.4,0.4785,False,0.0,0.248,0.0,True,0.09,50.97,1.61,-1.37,-1192.1,-24.2,917.38,29
083057,Montalbano Elicona,-,ME,13.886011904761903,645.5045112781954,472.6392857142857,0.195,1.3,0.0,0.8162,True,False,0.4,0.9319,False,0.0,0.24,0.0,True,0.15,95.81,2.78,-1.259,-572.4,3.7,1724.49,50
083058,Motta Camastra,-,ME,15.106038533834582,656.7332706766917,514.2035714285714,0.187,-0.7,0.0,0.9224,True,False,2.4,0.6603,False,0.0,0.232,0.0,True,0.03,45.68,1.78,-1.673,447.5,13.3,822.24,32
083059,Motta d'Affermo,-,ME,16.722574013157896,510.33486842105265,655.4157894736843,0.201,-1.1,0.0,0.8085,True,False,7.8,0.0943,False,0.0,0.259,0.0,True,-0.07,28.12,1.5,-0.965,-72.1,14.0,506.21,27
083060,Naso,-,ME,16.944782529239767,591.4440789473684,595.5094298245614,0.201,-0.4,0.0,0.9389,True,False,4.9,0.3089,False,0.0,0.254,0.0,True,0.17,149.3,4.89,-1.379,-309.6,-12.9,2687.37,88
083061,Nizza di Sicilia,-,ME,15.673739035087731,601.801754385965,401.3447368421052,0.187,-2.7,0.0,0.707,True,False,4.0,0.4802,False,0.0,0.245,0.0,True,0.16,3.56,0.5,-2.155,-5.3,-4.2,64.16,9
083062,Novara di Sicilia,-,ME,14.867723997493739,660.2667293233083,486.18439849624053,0.192,-0.3,0.0,0.9603,True,False,2.3,0.6537,False,0.0,0.244,0.0,True,0.14,9.39,1.06,-1.617,-112.5,-20.3,169.09,19
083063,Oliveri,-,ME,17.425438596491226,638.2980263157896,593.4233552631579,0.193,-1.7,0.0,0.751,True,False,4.5,0.3644,False,0.0,0.245,0.0,True,0.12,39.37,0.78,-1.633,132.8,-21.1,708.73,14
083064,Pace del Mela,-,ME,18.32214912280703,739.0819078947368,542.0884868421052,0.188,-5.0,0.0,0.4133,True,False,6.9,0.1739,False,0.0,0.247,0.0,True,0.24,0.14,0.11,-2.231,4.1,3.3,2.56,2
083065,Pagliara,-,ME,15.712673611111116,711.0282894736841,493.8410087719298,0.187,-2.4,0.0,0.7373,True,False,4.0,0.4828,False,0.0,0.245,0.0,True,0.12,19.0,2.0,-2.082,-413.8,-3.9,342.04,36
083066,Patti,-,ME,16.626315789473683,632.9131578947369,562.8621710526314,0.195,-1.1,0.0,0.8332,True,False,3.8,0.4344,False,0.0,0.245,0.0,True,0.1,183.6,4.28,-1.494,407.4,-58.7,3304.85,77
083067,Pettineo,-,ME,14.844170321637435,549.5756578947369,580.030043859649,0.21,0.1,0.0,0.9773,True,False,5.8,0.2272,False,0.0,0.266,0.0,True,-0.06,64.39,1.28,-0.755,-880.1,5.7,1159.07,23
083068,Piraino,-,ME,16.843238304093557,459.45789473684215,431.04769736842104,0.197,-1.6,0.0,0.7464,True,False,5.7,0.2303,False,0.0,0.25,0.0,True,0.02,32.93,2.06,-1.54,-16.1,-1.5,592.72,37
083069,Raccuja,-,ME,12.535408834586466,642.9398496240601,430.98815789473684,0.198,2.3,0.0,0.69,True,False,-0.4,0.9296,False,0.0,0.243,0.0,True,0.18,28.67,1.28,-1.034,-460.7,-21.4,516.09,23
083070,Reitano,-,ME,15.906003289473679,531.2513157894736,616.9754385964914,0.203,-0.4,0.0,0.9351,True,False,6.3,0.1821,False,0.0,0.259,0.0,True,-0.01,12.77,0.83,-0.897,-25.7,-2.0,229.94,15
083071,Roccafiorita,-,ME,14.874040570175447,673.4342105263158,488.29078947368413,0.186,-1.8,0.0,0.7943,True,False,3.8,0.4815,False,0.0,0.238,0.0,True,-0.06,3.45,0.56,-1.867,-39.1,-6.3,62.18,10
083072,Roccalumera,-,ME,16.899355811403517,727.6411184210525,524.7644736842104,0.186,-2.8,0.0,0.7114,True,False,4.2,0.4883,False,0.0,0.244,0.0,True,0.15,7.79,1.78,-2.114,-76.7,-17.7,140.3,32
083073,Roccavaldina,-,ME,17.459448099415194,768.5526315789474,478.0473684210526,0.186,-5.1,0.0,0.4404,True,False,5.8,0.2463,False,0.0,0.243,0.0,True,0.26,21.54,0.33,-2.279,24.0,-4.7,387.78,6
083074,Roccella Valdemone,-,ME,12.760056390977445,643.1199248120301,455.7022556390978,0.195,3.1,0.0,0.6158,True,False,-1.4,0.7728,False,0.0,0.231,0.0,True,0.19,111.0,4.17,-1.119,987.8,27.5,1998.02,75
083075,Rodì Milici,-,ME,16.488395467836263,675.882456140351,529.5251461988304,0.191,-2.1,0.0,0.7215,True,False,4.5,0.371,False,0.0,0.247,0.0,True,0.13,27.7,3.0,-1.938,-324.9,-17.8,498.62,54
083076,Rometta,-,ME,16.59965734649123,771.4401315789474,451.64983552631577,0.184,-5.1,0.0,0.446,True,False,5.4,0.2765,False,0.0,0.241,0.0,True,0.31,19.33,1.72,-2.348,-289.4,-15.2,348.0,31
083077,San Filippo del Mela,-,ME,18.23490497076024,733.5271929824561,541.5035087719299,0.188,-4.7,0.0,0.4404,True,False,6.7,0.1909,False,0.0,0.247,0.0,True,0.21,0.28,0.06,-2.228,-4.2,-0.8,5.11,1
083078,San Fratello,-,ME,13.877277327935227,606.186943319838,508.01356275303647,0.202,2.0,0.0,0.7143,True,False,1.6,0.731,False,0.0,0.25,0.0,True,0.25,1.7,0.28,-0.906,-17.1,-4.7,30.62,5
083079,San Marco d'Alunzio,-,ME,15.581350511695916,591.3515350877192,554.5853070175439,0.203,1.2,0.0,0.8241,True,False,2.6,0.5938,False,0.0,0.254,0.0,True,0.26,129.79,4.06,-1.032,-2533.2,3.7,2336.14,73
083080,San Pier Niceto,-,ME,16.293201754385965,743.0229532163742,466.716081871345,0.187,-4.3,0.0,0.5115,True,False,5.2,0.293,False,0.0,0.245,0.0,True,0.22,15.01,0.61,-2.278,353.6,7.5,270.18,11
083081,San Piero Patti,-,ME,13.373997493734334,641.3016917293234,453.1838345864661,0.196,1.8,0.0,0.7549,True,False,-0.0,0.9999,False,0.0,0.242,0.0,True,0.15,72.58,2.17,-1.122,-1199.3,-21.3,1306.44,39
083082,San Salvatore di Fitalia,-,ME,14.814451754385956,607.3865789473683,513.3449999999999,0.203,1.7,0.0,0.7521,True,False,1.1,0.8195,False,0.0,0.253,0.0,True,0.31,13.52,1.5,-1.021,-106.1,-10.4,243.37,27
083083,Santa Domenica Vittoria,-,ME,12.662476503759404,641.2911654135339,458.5109022556391,0.196,3.4,0.0,0.583,True,False,-1.6,0.7375,False,0.0,0.23,0.0,True,0.21,64.06,1.33,-1.105,441.8,-3.2,1153.04,24
083084,Sant'Agata di Militello,-,ME,16.066987781954897,574.7411654135338,584.4614661654134,0.201,0.8,0.0,0.8781,True,False,3.4,0.4788,False,0.0,0.252,0.0,True,0.22,25.49,0.56,-1.048,-60.8,0.4,458.90000000000003,10
083085,Sant'Alessio Siculo,-,ME,18.09694809941519,697.9377192982456,595.6293859649122,0.182,-3.2,0.0,0.6736,True,False,4.5,0.4765,False,0.0,0.234,0.0,True,0.0,3.02,0.83,-2.156,-14.2,-0.1,54.35,15
083086,Santa Lucia del Mela,-,ME,15.498944627192985,715.344298245614,461.54057017543863,0.188,-3.4,0.0,0.595,True,False,4.9,0.323,False,0.0,0.247,0.0,True,0.15,8.35,1.17,-2.204,-40.7,-9.5,150.35,21
083087,Santa Marina Salina,-,ME,17.488185307017552,661.558552631579,555.6888157894737,0.181,-5.0,0.0,0.3784,True,False,10.1,0.0237,True,0.0,0.238,0.0,True,0.43,0.13,0.06,-2.11,1.1,0.5,2.34,1
083088,Sant'Angelo di Brolo,-,ME,15.154440789473677,620.3516917293233,510.68571428571425,0.198,-0.0,0.0,0.9963,True,False,2.7,0.5722,False,0.0,0.248,0.0,True,0.11,38.8,2.72,-1.275,-746.6,-27.4,698.3199999999999,49
083089,Santa Teresa di Riva,-,ME,17.622258771929825,573.0802631578947,448.5352631578946,0.185,-2.8,0.0,0.71,True,False,4.3,0.4848,False,0.0,0.241,0.0,True,0.08,12.72,2.11,-2.111,164.2,-2.5,228.98,38
083090,San Teodoro,-,ME,13.16582602339181,607.3675438596489,512.4771929824564,0.208,4.4,0.0,0.4737,True,False,-1.9,0.7195,False,0.0,0.239,0.0,True,0.27,14.91,0.94,-0.728,-107.0,-3.2,268.38,17
083091,Santo Stefano di Camastra,-,ME,15.576361476608183,542.2339912280702,597.1703947368421,0.202,-0.1,0.0,0.9883,True,False,5.5,0.2481,False,0.0,0.256,0.0,True,0.06,81.0,1.17,-0.894,-443.9,-4.6,1457.98,21
083092,Saponara,-,ME,16.186907894736844,774.6076315789475,434.4131578947369,0.184,-5.3,0.0,0.4409,True,False,5.2,0.2911,False,0.0,0.239,0.0,True,0.36,15.0,1.0,-2.384,-351.7,-14.3,269.93,18
083093,Savoca,-,ME,17.31502192982455,706.6421052631579,557.2950657894736,0.185,-2.7,0.0,0.7138,True,False,4.3,0.4761,False,0.0,0.24,0.0,True,0.07,25.68,2.11,-2.075,299.9,-1.4,462.17,38
083094,Scaletta Zanclea,-,ME,17.43865131578946,573.0059210526316,382.2075657894738,0.184,-3.6,0.0,0.6361,True,False,4.4,0.4702,False,0.0,0.243,0.0,True,0.25,22.78,0.72,-2.22,124.7,0.9,409.96,13
083095,Sinagra,-,ME,14.920751096491228,614.5627192982456,505.73245614035085,0.2,0.7,0.0,0.8996,True,False,1.9,0.6959,False,0.0,0.25,0.0,True,0.21,37.79,1.61,-1.131,-126.3,-3.7,680.26,29
083096,Spadafora,-,ME,18.187774122807017,766.9293859649123,513.9583333333334,0.185,-5.8,0.0,0.3664,True,False,7.0,0.1684,False,0.0,0.242,0.0,True,0.33,18.56,0.67,-2.274,34.7,-2.8,334.06,12
083097,Taormina,-,ME,17.611873433583963,660.0203007518796,604.8560150375939,0.18,-2.7,0.0,0.7138,True,False,4.1,0.5086,False,0.0,0.225,0.0,True,-0.12,25.75,2.0,-2.13,302.3,-2.1,463.53999999999996,36
083098,Torregrotta,-,ME,18.5642269736842,760.1434210526315,534.1934210526315,0.186,-5.6,0.0,0.3754,True,False,7.1,0.166,False,0.0,0.244,0.0,True,0.29,0.25,0.22,-2.248,2.2,3.1,4.53,4
083099,Tortorici,-,ME,11.765578609986505,653.7891700404858,416.5775303643725,0.202,3.2,0.0,0.5912,True,False,-0.7,0.8675,False,0.0,0.246,0.0,True,0.28,37.61,7.56,-0.913,121.0,39.1,677.04,136
083100,Tripi,-,ME,15.411092836257309,653.0545321637426,511.2897660818714,0.193,-0.1,0.0,0.9888,True,False,2.1,0.6806,False,0.0,0.243,0.0,True,0.15,24.04,2.39,-1.53,-152.6,-1.2,432.64,43
083101,Tusa,-,ME,16.146436403508776,517.7669407894737,635.1870065789474,0.204,-0.9,0.0,0.8524,True,False,7.6,0.1064,False,0.0,0.262,0.0,True,-0.11,114.59,1.72,-0.823,-1305.2,-15.0,2062.6,31
083102,Ucria,-,ME,12.459100877192984,641.2056390977443,431.83721804511276,0.2,2.5,0.0,0.6675,True,False,-0.3,0.9396,False,0.0,0.246,0.0,True,0.23,7.07,0.89,-1.001,-85.2,-0.3,127.17,16
083103,Valdina,-,ME,18.133205409356716,762.9995614035088,513.9118421052631,0.186,-5.5,0.0,0.3889,True,False,6.8,0.1813,False,0.0,0.243,0.0,True,0.29,1.65,0.28,-2.257,-5.6,2.7,29.7,5
083104,Venetico,-,ME,18.208963815789467,766.15,514.3615131578947,0.186,-5.7,0.0,0.3773,True,False,7.0,0.174,False,0.0,0.243,0.0,True,0.31,4.68,0.33,-2.264,11.1,3.2,84.17999999999999,6
083105,Villafranca Tirrena,-,ME,16.920408442982463,785.6246710526315,447.87565789473683,0.183,-5.8,0.0,0.3944,True,False,5.8,0.2347,False,0.0,0.239,0.0,True,0.38,31.87,1.11,-2.313,385.0,4.8,573.73,20
083106,Terme Vigliatore,-,ME,18.26629203216374,671.5232456140352,598.7502192982456,0.191,-2.7,0.0,0.6281,True,False,5.5,0.2818,False,0.0,0.246,0.0,True,0.14,2.14,0.83,-1.952,33.4,10.4,38.56,15
083107,Acquedolci,-,ME,16.79594298245615,552.1937500000001,622.5815789473684,0.199,0.2,0.0,0.9741,True,False,4.8,0.3202,False,0.0,0.252,0.0,True,0.17,3.68,0.11,-1.145,-55.3,-2.3,66.32000000000001,2
083108,Torrenova,-,ME,17.217719298245626,474.85307017543863,517.1353070175438,0.201,0.0,0.0,0.9971,True,False,4.8,0.3168,False,0.0,0.254,0.0,True,0.17,7.48,0.83,-1.193,-128.8,-7.6,134.61,15
084001,Agrigento,Agrigento,AG,17.654141907187327,459.9938455008489,788.5396434634976,0.241,-2.4,0.0,0.6825,True,False,8.9,0.112,False,0.0,0.29,0.0,True,0.01,97.38,12.5,-1.231,2268.3,85.5,1752.84,225
084002,Alessandria della Rocca,Agrigento,AG,16.769557416267936,505.5753588516747,727.5483253588517,0.266,-1.6,0.0,0.7965,True,False,9.9,0.1035,False,0.0,0.329,0.0,True,-0.12,185.47,9.39,-0.991,1260.5,71.3,3338.44,169
084003,Aragona,Agrigento,AG,17.30711805555556,475.049451754386,776.5155701754385,0.262,-1.5,0.0,0.8067,True,False,9.4,0.1221,False,0.0,0.324,0.0,True,-0.03,28.65,1.5,-1.101,889.4,21.5,515.74,27
084004,Bivona,Agrigento,AG,16.18975877192982,527.3460526315789,699.1490350877192,0.26,-2.0,0.0,0.7562,True,False,9.3,0.1087,False,0.0,0.319,0.0,True,-0.16,161.62,7.72,-0.924,523.3,33.9,2909.2,139
084005,Burgio,Agrigento,AG,15.540917397660825,550.005701754386,654.1932017543859,0.256,-2.6,0.0,0.6923,True,False,9.5,0.0894,False,0.0,0.316,0.0,True,-0.29,94.15,5.67,-0.93,540.5,7.1,1694.78,102
084006,Calamonaci,Agrigento,AG,17.609173976608187,490.7461988304094,760.1950292397662,0.24,-3.9,0.0,0.5197,True,False,10.5,0.077,False,0.0,0.283,0.0,True,-0.16,60.01,4.17,-1.238,689.7,37.1,1080.17,75
084007,Caltabellotta,Agrigento,AG,16.798616486068106,521.3866873065015,708.340866873065,0.226,-5.5,0.0,0.3656,True,False,11.0,0.0485,True,0.0,0.266,0.0,True,-0.35,128.1,6.78,-1.23,1601.4,47.4,2305.7400000000002,122
084008,Camastra,Agrigento,AG,16.96371984649123,464.3072368421053,778.28125,0.264,-1.3,0.0,0.8357,True,False,8.1,0.1626,False,0.0,0.324,0.0,True,-0.1,0.01,0.06,-1.14,0.1,1.1,0.12,1
084009,Cammarata,Agrigento,AG,15.418092105263161,531.1118969298246,667.2252192982456,0.277,1.1,0.0,0.869,True,False,7.8,0.1867,False,0.0,0.349,0.0,True,-0.09,30.81,3.78,-0.652,36.5,-0.4,554.54,68
084010,Campobello di Licata,Agrigento,AG,17.3266447368421,444.69859022556386,805.5729323308269,0.248,-1.9,0.0,0.7598,True,False,7.1,0.2157,False,0.0,0.294,0.0,True,0.01,15.06,1.11,-0.953,424.2,9.9,271.15,20
084011,Canicattì,Agrigento,AG,16.261142037786776,486.7550607287449,737.348886639676,0.27,-0.7,0.0,0.921,True,False,8.3,0.1747,False,0.0,0.333,0.0,True,-0.05,0.0,0.06,-1.05,-0.1,-1.7,0.03,1
084012,Casteltermini,Agrigento,AG,16.73391812865497,497.0668859649124,737.5938596491229,0.276,-0.6,0.0,0.9252,True,False,9.5,0.1318,False,0.0,0.346,0.0,True,-0.03,267.82,5.67,-0.959,2129.7,6.2,4820.84,102
084013,Castrofilippo,Agrigento,AG,16.239866593567246,492.6614035087719,732.3570175438596,0.273,-0.8,0.0,0.9097,True,False,8.8,0.1437,False,0.0,0.341,0.0,True,-0.13,0.0,0.0,-1.162,0.0,0.0,0.0,0
084014,Cattolica Eraclea,Agrigento,AG,17.79842273954116,472.7022267206478,771.2107287449392,0.226,-3.9,0.0,0.5127,True,False,9.5,0.0929,False,0.0,0.262,0.0,True,-0.09,100.41,14.56,-1.344,1248.0,120.7,1807.34,262
084015,Cianciana,Agrigento,AG,17.34757858187134,490.58026315789476,755.8754385964912,0.252,-2.8,0.0,0.6491,True,False,10.1,0.0941,False,0.0,0.303,0.0,True,-0.09,94.1,4.5,-1.112,1971.8,73.3,1693.85,81
084016,Comitini,Agrigento,AG,16.91745770676692,481.1118421052632,761.1644736842105,0.266,-1.3,0.0,0.8453,True,False,9.2,0.1287,False,0.0,0.33,0.0,True,-0.06,14.57,1.56,-1.101,260.2,21.8,262.3,28
084017,Favara,Agrigento,AG,17.21652177318296,467.5639097744362,776.8054511278197,0.26,-1.5,0.0,0.8125,True,False,8.9,0.1262,False,0.0,0.32,0.0,True,-0.05,10.07,1.22,-1.184,236.8,24.5,181.24,22
084018,Grotte,Agrigento,AG,16.915891290726822,482.55545112781954,759.8011278195489,0.272,-1.0,0.0,0.8783,True,False,9.4,0.1304,False,0.0,0.341,0.0,True,-0.02,12.75,2.28,-1.04,209.3,26.7,229.46,41
084019,Joppolo Giancaxio,Agrigento,AG,17.27760964912282,477.12526315789484,774.4821052631578,0.255,-1.8,0.0,0.77,True,False,9.1,0.1224,False,0.0,0.312,0.0,True,-0.06,10.74,0.06,-1.165,379.2,2.0,193.24,1
084020,Lampedusa e Linosa,Agrigento,AG,19.57139724310777,203.1395933014354,628.1084928229666,0.179,-9.9,0.0,0.0272,True,True,13.0,0.0016,True,0.0,0.196,0.0,True,-1.28,0.0,0.06,-0.504,-0.0,-0.8,0.06,1
084021,Licata,Agrigento,AG,17.74847861842105,422.61078947368424,817.9454605263157,0.227,-3.1,0.0,0.5966,True,False,7.2,0.1747,False,0.0,0.264,0.0,True,0.06,98.66,5.44,-1.012,1356.6,67.3,1775.92,98
084022,Lucca Sicula,Agrigento,AG,16.93156067251462,512.794956140351,723.9256578947369,0.247,-3.5,0.0,0.5764,True,False,10.4,0.076,False,0.0,0.296,0.0,True,-0.21,10.79,2.0,-1.136,129.1,19.7,194.20000000000002,36
084023,Menfi,Agrigento,AG,17.88742804276315,499.1355263157895,744.5973684210526,0.197,-9.0,0.0,0.1226,True,False,14.4,0.0088,True,0.0,0.229,0.0,True,-0.47,117.04,6.39,-1.273,1472.8,64.9,2106.69,115
084024,Montallegro,Agrigento,AG,17.893947368421053,464.94473684210527,773.4771052631579,0.21,-4.3,0.0,0.4622,True,False,8.9,0.0996,False,0.0,0.239,0.0,True,-0.03,45.96,4.17,-1.431,666.9,50.2,827.1999999999999,75
084025,Montevago,Agrigento,AG,17.622141290726823,512.8101503759398,741.7351503759398,0.242,-7.4,0.0,0.2166,True,False,17.3,0.0034,True,0.0,0.306,0.0,True,-0.63,90.06,4.44,-1.049,277.5,44.0,1621.0,80
084026,Naro,Agrigento,AG,16.883987166991556,467.25224171539963,772.5023879142302,0.263,-1.2,0.0,0.8484,True,False,8.0,0.1728,False,0.0,0.32,0.0,True,-0.06,49.37,7.89,-1.072,508.3,63.1,888.62,142
084027,Palma di Montechiaro,Agrigento,AG,17.73280793128655,435.2218201754385,811.3808114035088,0.239,-2.6,0.0,0.6567,True,False,8.3,0.1217,False,0.0,0.287,0.0,True,0.06,40.23,1.22,-1.137,1206.4,28.6,724.0799999999999,22
084028,Porto Empedocle,Agrigento,AG,18.08929354636591,450.0883458646616,799.8669172932332,0.228,-2.8,0.0,0.624,True,False,8.9,0.1025,False,0.0,0.27,0.0,True,0.09,7.4,0.5,-1.276,225.0,5.7,133.28,9
084029,Racalmuto,Agrigento,AG,16.369649122807015,491.1190789473684,736.597894736842,0.274,-0.7,0.0,0.9119,True,False,9.1,0.1404,False,0.0,0.342,0.0,True,-0.06,17.75,1.44,-1.075,-141.1,15.5,319.47,26
084030,Raffadali,Agrigento,AG,17.23957550125314,482.39830827067664,768.1436090225562,0.25,-2.1,0.0,0.7346,True,False,9.0,0.1232,False,0.0,0.303,0.0,True,-0.05,0.57,0.33,-1.199,9.2,5.8,10.33,6
084031,Ravanusa,Agrigento,AG,17.43284489633173,439.7728468899522,815.0866028708133,0.247,-1.7,0.0,0.779,True,False,6.6,0.2561,False,0.0,0.29,0.0,True,0.05,34.91,2.78,-0.868,490.3,31.3,628.31,50
084032,Realmonte,Agrigento,AG,18.06653508771929,451.0671052631578,789.8807894736844,0.214,-3.5,0.0,0.5391,True,False,8.6,0.1048,False,0.0,0.247,0.0,True,0.09,0.43,0.11,-1.337,11.0,1.4,7.699999999999999,2
084033,Ribera,Agrigento,AG,18.057791940789475,471.3696546052632,772.6904605263157,0.219,-4.9,0.0,0.3998,True,False,10.2,0.0722,False,0.0,0.248,0.0,True,-0.16,112.66,8.22,-1.401,2431.2,145.1,2027.92,148
084034,Sambuca di Sicilia,Agrigento,AG,16.314740497076023,537.8893859649123,682.7164035087718,0.235,-5.9,0.0,0.3444,True,False,12.5,0.0242,True,0.0,0.288,0.0,True,-0.46,156.55,6.78,-1.041,1329.7,46.7,2817.83,122
084035,San Biagio Platani,Agrigento,AG,17.098662280701753,488.9325,751.6378947368421,0.271,-1.3,0.0,0.8399,True,False,9.9,0.1132,False,0.0,0.336,0.0,True,-0.05,50.25,2.78,-1.011,598.5,21.3,904.43,50
084036,San Giovanni Gemini,Agrigento,AG,15.495361842105273,533.0197368421052,668.2584210526314,0.279,0.9,0.0,0.8914,True,False,8.0,0.1779,False,0.0,0.352,0.0,True,-0.09,24.86,1.89,-0.684,276.8,3.1,447.39,34
084037,Santa Elisabetta,Agrigento,AG,16.9764985380117,489.79912280701757,754.9,0.262,-1.7,0.0,0.7902,True,False,9.3,0.1249,False,0.0,0.323,0.0,True,-0.07,0.91,0.17,-1.091,21.3,3.5,16.36,3
084038,Santa Margherita di Belice,Agrigento,AG,17.314686890838207,517.4858187134503,728.0663742690058,0.246,-6.8,0.0,0.2629,True,False,16.5,0.0055,True,0.0,0.312,0.0,True,-0.61,18.44,2.72,-1.011,331.6,32.1,332.0,49
084039,Sant'Angelo Muxaro,Agrigento,AG,17.18855811403509,485.2607894736842,759.7186842105262,0.26,-2.0,0.0,0.7517,True,False,9.6,0.1132,False,0.0,0.318,0.0,True,-0.06,161.72,6.0,-1.102,3381.6,68.1,2911.03,108
084040,Santo Stefano Quisquina,Agrigento,AG,14.981949013157893,555.4902412280702,646.5163377192981,0.276,-0.2,0.0,0.9737,True,False,8.1,0.1541,False,0.0,0.348,0.0,True,-0.17,122.02,5.11,-0.667,-1000.0,-8.5,2196.41,92
084041,Sciacca,Agrigento,AG,17.80084847535505,451.5978832951946,678.370766590389,0.189,-8.2,0.0,0.1589,True,False,11.8,0.0287,True,0.0,0.207,0.0,True,-0.31,68.01,5.11,-1.391,-13.4,7.4,1224.18,92
084042,Siculiana,Agrigento,AG,17.933070175438594,461.1503947368421,776.48,0.211,-4.0,0.0,0.4844,True,False,8.7,0.1026,False,0.0,0.24,0.0,True,0.01,104.18,6.33,-1.399,1936.4,37.0,1875.22,114
084043,Villafranca Sicula,Agrigento,AG,16.964067982456143,513.527894736842,721.3542105263157,0.243,-3.8,0.0,0.5345,True,False,10.5,0.0687,False,0.0,0.29,0.0,True,-0.25,4.24,1.61,-1.186,33.9,10.7,76.26,29
085001,Acquaviva Platani,Caltanissetta,CL,16.38585526315789,502.16973684210524,719.3076315789474,0.279,0.4,0.0,0.9568,True,False,8.8,0.1606,False,0.0,0.352,0.0,True,-0.01,2.4,0.33,-0.865,-23.8,-4.9,43.129999999999995,6
085002,Bompensiere,Caltanissetta,CL,16.79496984649124,478.88717105263163,756.1858552631579,0.277,-0.5,0.0,0.9456,True,False,9.0,0.1602,False,0.0,0.348,0.0,True,0.11,3.16,0.22,-1.028,-68.5,-4.4,56.879999999999995,4
085003,Butera,Caltanissetta,CL,17.305605396065914,431.86602870813397,808.7830542264752,0.226,-2.4,0.0,0.6815,True,False,5.3,0.3282,False,0.0,0.256,0.0,True,0.04,207.37,4.5,-0.815,1705.4,33.7,3732.59,81
085004,Caltanissetta,Caltanissetta,CL,16.18659181922197,489.6486270022884,727.3174199084667,0.263,0.1,0.0,0.9855,True,False,6.9,0.2716,False,0.0,0.314,0.0,True,0.09,117.57,5.22,-0.812,1021.2,-1.6,2116.18,94
085005,Campofranco,Caltanissetta,CL,16.943515037593997,483.0343984962406,757.853947368421,0.278,-0.7,0.0,0.9205,True,False,9.5,0.1374,False,0.0,0.35,0.0,True,0.05,79.08,3.11,-1.019,116.0,-18.6,1423.36,56
085006,Delia,Caltanissetta,CL,16.65544590643275,471.07982456140354,764.6877192982455,0.263,-0.9,0.0,0.8928,True,False,7.4,0.2194,False,0.0,0.316,0.0,True,0.03,0.2,0.11,-0.882,1.0,1.6,3.54,2
085007,Gela,Caltanissetta,CL,17.82048480576441,375.50407894736844,776.2405263157895,0.203,-4.2,0.0,0.429,True,False,5.9,0.2257,False,0.0,0.225,0.0,True,0.01,4.11,1.06,-0.725,64.5,11.8,73.89999999999999,19
085008,Marianopoli,Caltanissetta,CL,15.72110745614036,514.2030701754387,690.1048245614035,0.267,1.3,0.0,0.835,True,False,6.7,0.2829,False,0.0,0.324,0.0,True,0.05,0.36,0.17,-0.684,7.2,3.3,6.5200000000000005,3
085009,Mazzarino,Caltanissetta,CL,16.723926000899684,460.0290485829959,775.2192645074224,0.242,-0.6,0.0,0.9199,True,False,4.5,0.4317,False,0.0,0.276,0.0,True,0.09,492.74,20.56,-0.744,5111.6,105.0,8869.25,370
085010,Milena,Caltanissetta,CL,16.801557017543868,482.50447368421055,754.6884210526317,0.278,-0.6,0.0,0.9263,True,False,9.4,0.1416,False,0.0,0.351,0.0,True,0.05,18.99,1.11,-1.033,185.3,-9.3,341.76,20
085011,Montedoro,Caltanissetta,CL,16.674835526315793,479.76447368421054,750.1240131578946,0.275,-0.4,0.0,0.9576,True,False,8.6,0.1793,False,0.0,0.342,0.0,True,0.12,0.0,0.0,-1.007,0.0,0.0,0.0,0
085012,Mussomeli,Caltanissetta,CL,16.205866228070185,501.2469078947368,717.3738157894737,0.275,0.6,0.0,0.9298,True,False,8.0,0.2042,False,0.0,0.342,0.0,True,0.08,67.8,1.11,-0.836,1293.3,-3.8,1220.46,20
085013,Niscemi,Caltanissetta,CL,17.26378090111643,436.2874401913876,800.9504784688994,0.219,-2.2,0.0,0.706,True,False,4.8,0.3577,False,0.0,0.247,0.0,True,0.16,116.29,7.06,-0.801,1977.3,43.7,2093.16,127
085014,Resuttano,Caltanissetta,CL,15.087653508771933,527.6961842105264,649.1402631578947,0.253,2.6,0.0,0.6697,True,False,4.3,0.464,False,0.0,0.298,0.0,True,0.01,4.19,0.39,-0.277,44.6,2.4,75.49,7
085015,Riesi,Caltanissetta,CL,17.037295653907496,452.65717703349287,794.5967703349281,0.25,-0.9,0.0,0.8925,True,False,5.5,0.3576,False,0.0,0.29,0.0,True,0.08,24.03,0.89,-0.761,126.5,-0.7,432.5,16
085016,San Cataldo,Caltanissetta,CL,16.192678429027122,491.8265550239235,721.0478468899521,0.269,0.1,0.0,0.9837,True,False,7.7,0.2338,False,0.0,0.327,0.0,True,0.15,21.12,2.39,-0.884,-83.4,-16.7,380.13,43
085017,Santa Caterina Villarmosa,Caltanissetta,CL,15.702483974358971,508.3415991902834,692.6502024291497,0.257,1.4,0.0,0.8315,True,False,5.5,0.375,False,0.0,0.303,0.0,True,0.06,15.2,0.39,-0.599,463.3,6.9,273.59,7
085018,Serradifalco,Caltanissetta,CL,16.156123903508778,491.8430263157895,725.4506578947369,0.27,-0.3,0.0,0.9687,True,False,8.1,0.2037,False,0.0,0.33,0.0,True,0.07,4.72,0.28,-0.949,-37.4,0.2,85.05,5
085019,Sommatino,Caltanissetta,CL,17.11951754385964,454.7815789473684,793.9934210526317,0.256,-1.0,0.0,0.8813,True,False,6.4,0.2879,False,0.0,0.302,0.0,True,0.1,54.96,1.56,-0.783,5.3,-11.8,989.32,28
085020,Sutera,Caltanissetta,CL,16.69607319078948,491.37138157894736,742.4825657894737,0.279,-0.1,0.0,0.9915,True,False,9.1,0.1573,False,0.0,0.353,0.0,True,0.08,58.58,2.22,-0.984,197.7,-11.0,1054.52,40
085021,Vallelunga Pratameno,Caltanissetta,CL,15.503704573934842,524.4781954887218,665.7246240601505,0.27,2.5,0.0,0.6832,True,False,6.4,0.2826,False,0.0,0.333,0.0,True,-0.03,24.25,0.28,-0.413,587.0,5.5,436.51,5
085022,Villalba,Caltanissetta,CL,15.777782346491236,513.8144736842105,686.0251644736842,0.268,1.9,0.0,0.7627,True,False,6.4,0.2868,False,0.0,0.327,0.0,True,0.04,3.9,0.39,-0.564,-15.8,-6.2,70.12,7
086001,Agira,Enna,EN,16.482618003341685,511.96528822055126,720.7228070175439,0.235,3.1,0.0,0.6249,True,False,1.5,0.8054,False,0.0,0.266,0.0,True,0.14,32.45,2.33,-0.569,3.5,-16.5,584.08,42
086002,Aidone,Enna,EN,16.199821820175437,498.6469846491229,733.9550986842105,0.245,2.2,0.0,0.7515,True,False,3.3,0.585,False,0.0,0.28,0.0,True,0.11,226.44,7.28,-0.541,2260.9,3.6,4075.91,131
086003,Assoro,Enna,EN,16.085834703947366,509.8337171052632,712.2062500000001,0.242,2.4,0.0,0.7185,True,False,2.9,0.6344,False,0.0,0.278,0.0,True,0.04,33.16,3.22,-0.497,-362.1,-26.4,596.93,58
086004,Barrafranca,Enna,EN,16.409295808966863,475.0780701754386,757.0714912280703,0.248,-0.2,0.0,0.9802,True,False,4.7,0.4333,False,0.0,0.285,0.0,True,0.04,13.22,0.61,-0.755,-173.7,-6.5,237.93,11
086005,Calascibetta,Enna,EN,15.12534722222222,527.9086842105264,654.5680701754386,0.249,2.2,0.0,0.7259,True,False,4.1,0.4845,False,0.0,0.294,0.0,True,-0.0,66.02,2.5,-0.354,-148.4,-23.2,1188.32,45
086006,Catenanuova,Enna,EN,17.192489035087714,507.3640350877194,744.3850877192984,0.23,3.7,0.0,0.5755,True,False,-0.0,0.9939,False,0.0,0.256,0.0,True,0.28,0.13,0.06,-0.767,-2.9,-1.2,2.36,1
086007,Centuripe,Enna,EN,16.79364557226399,526.071679197995,713.1248120300753,0.222,3.9,0.0,0.5425,True,False,-1.0,0.8761,False,0.0,0.246,0.0,True,0.35,32.24,1.0,-0.803,-509.6,-13.1,580.26,18
086008,Cerami,Enna,EN,12.862707550125313,602.4954887218045,517.0209586466166,0.218,3.4,0.0,0.57,True,False,0.6,0.9041,False,0.0,0.259,0.0,True,0.1,32.4,1.72,-0.475,255.5,-7.0,583.17,31
086009,Enna,Enna,EN,15.562533939014198,511.5147243107769,691.3801065162907,0.25,1.4,0.0,0.8389,True,False,4.5,0.4672,False,0.0,0.291,0.0,True,0.01,696.57,12.0,-0.546,4924.9,-27.0,12538.349999999999,216
086010,Gagliano Castelferrato,Enna,EN,14.871721491228069,555.1285526315789,623.3561842105263,0.224,3.9,0.0,0.512,True,False,0.1,0.9846,False,0.0,0.257,0.0,True,0.18,59.53,3.17,-0.528,206.5,-25.8,1071.47,57
086011,Leonforte,Enna,EN,15.369612240829344,526.5943779904306,663.6450956937798,0.243,2.6,0.0,0.6777,True,False,3.0,0.6165,False,0.0,0.284,0.0,True,0.03,33.11,1.17,-0.411,136.3,3.5,595.9,21
086012,Nicosia,Enna,EN,13.970264985380114,567.200394736842,579.2466666666666,0.233,3.3,0.0,0.5806,True,False,2.0,0.7026,False,0.0,0.277,0.0,True,0.03,264.63,5.06,-0.291,342.5,-15.2,4763.33,91
086013,Nissoria,Enna,EN,15.02946515594541,543.9033625730995,638.7282163742691,0.233,3.5,0.0,0.5667,True,False,1.4,0.8053,False,0.0,0.27,0.0,True,0.09,19.08,1.11,-0.418,153.4,-5.9,343.41,20
086014,Piazza Armerina,Enna,EN,15.535673920377867,508.63842780027,705.6347503373819,0.246,1.2,0.0,0.8673,True,False,4.0,0.5086,False,0.0,0.282,0.0,True,0.0,337.78,13.61,-0.611,3240.8,19.4,6080.0,245
086015,Pietraperzia,Enna,EN,16.565871710526316,473.31494360902263,756.6062030075188,0.255,-0.1,0.0,0.982,True,False,5.9,0.3442,False,0.0,0.298,0.0,True,0.08,25.93,2.61,-0.827,-234.5,-20.6,466.79,47
086016,Regalbuto,Enna,EN,16.115811901913872,532.4471889952154,684.475538277512,0.225,3.8,0.0,0.5396,True,False,-0.1,0.9869,False,0.0,0.253,0.0,True,0.24,141.43,2.33,-0.643,1075.9,-19.7,2545.7799999999997,42
086017,Sperlinga,Enna,EN,13.653124999999996,573.1272727272727,566.3978468899521,0.238,3.4,0.0,0.5707,True,False,2.5,0.641,False,0.0,0.285,0.0,True,-0.02,79.67,1.0,-0.157,-486.4,-5.6,1433.98,18
086018,Troina,Enna,EN,14.226112938596492,580.1797368421054,576.8313815789473,0.214,4.3,0.0,0.4837,True,False,-1.2,0.8234,False,0.0,0.244,0.0,True,0.27,104.77,2.33,-0.637,927.1,-26.8,1885.8200000000002,42
086019,Valguarnera Caropepe,Enna,EN,15.423273026315794,514.4394736842105,692.8059210526317,0.247,1.6,0.0,0.8184,True,False,4.1,0.5097,False,0.0,0.284,0.0,True,-0.06,0.21,0.17,-0.406,5.4,4.2,3.82,3
086020,Villarosa,Enna,EN,15.847546600877193,503.25279605263154,697.6332236842105,0.253,1.5,0.0,0.8151,True,False,5.1,0.4048,False,0.0,0.299,0.0,True,0.05,21.69,1.11,-0.568,-146.1,-13.6,390.44,20
087001,Aci Bonaccorsi,-,CT,16.523739035087697,592.2578947368422,655.657894736842,0.197,0.7,0.0,0.9235,True,False,-0.9,0.8951,False,0.0,0.223,0.0,True,0.25,0.0,0.0,-1.458,0.0,0.0,0.0,0
087002,Aci Castello,-,CT,17.76551535087721,551.3471052631579,719.1455263157894,0.198,-0.3,0.0,0.9678,True,False,0.1,0.9928,False,0.0,0.229,0.0,True,0.26,4.43,0.61,-1.496,-19.9,4.0,79.65,11
087003,Aci Catena,-,CT,17.450274122807016,570.8789473684209,690.266447368421,0.194,-0.4,0.0,0.9549,True,False,0.3,0.969,False,0.0,0.224,0.0,True,0.18,8.51,0.5,-1.538,177.6,5.0,153.11,9
087004,Acireale,-,CT,17.346253654970766,588.9223684210527,664.5276315789473,0.189,-0.5,0.0,0.9439,True,False,0.5,0.9421,False,0.0,0.217,0.0,True,0.13,4.09,0.44,-1.613,69.9,5.2,73.7,8
087005,Aci Sant'Antonio,-,CT,16.673122258771926,598.8111842105264,646.6674342105263,0.193,0.4,0.0,0.9598,True,False,-0.5,0.9388,False,0.0,0.219,0.0,True,0.19,1.23,0.39,-1.491,-8.6,-4.7,22.06,7
087006,Adrano,-,CT,12.666036184210528,646.0844298245614,528.4097587719299,0.205,5.7,0.0,0.4331,True,False,-3.3,0.5338,False,0.0,0.22,0.0001,True,0.37,29.13,4.5,-0.789,276.9,42.5,524.38,81
087007,Belpasso,-,CT,15.410395213577425,573.2237414187642,654.204118993135,0.219,4.3,0.0,0.5594,True,False,-2.1,0.7353,False,0.0,0.244,0.0,True,0.4,39.47,6.56,-0.941,659.1,71.4,710.52,118
087008,Biancavilla,-,CT,12.735126879699246,648.1218984962406,532.394454887218,0.207,5.6,0.0,0.4531,True,False,-3.2,0.5576,False,0.0,0.223,0.0001,True,0.35,42.65,5.56,-0.827,370.1,52.4,767.67,100
087009,Bronte,-,CT,12.05719846491228,648.5984649122806,476.59276315789464,0.201,5.2,0.0,0.4358,True,False,-2.9,0.5538,False,0.0,0.224,0.0,True,0.3,204.23,9.22,-0.833,-525.1,-14.8,3676.08,166
087010,Calatabiano,-,CT,17.31489661654135,640.6744360902256,610.5672932330826,0.181,-1.6,0.0,0.8275,True,False,2.8,0.6452,False,0.0,0.219,0.0,True,-0.06,25.56,3.61,-1.891,127.5,3.8,460.11,65
087011,Caltagirone,-,CT,16.493367633828168,473.48576248313094,755.4249662618084,0.233,0.3,0.0,0.9662,True,False,4.1,0.4607,False,0.0,0.268,0.0,True,0.22,146.32,8.94,-0.794,1495.9,149.2,2633.73,161
087012,Camporotondo Etneo,-,CT,16.86256853070175,550.3006578947368,707.3427631578948,0.218,2.8,0.0,0.711,True,False,-2.5,0.7201,False,0.0,0.244,0.0,True,0.37,0.6,0.17,-1.098,18.6,4.2,10.73,3
087013,Castel di Iudica,-,CT,17.27633771929824,495.22333333333336,766.0436842105263,0.237,3.3,0.0,0.627,True,False,1.2,0.8607,False,0.0,0.266,0.0,True,0.28,13.83,0.28,-0.689,-233.2,-0.7,248.94,5
087014,Castiglione di Sicilia,-,CT,13.104043311403505,678.9232730263158,479.56702302631584,0.188,2.5,0.0,0.7188,True,False,-0.8,0.8717,False,0.0,0.217,0.0,True,0.13,300.24,14.22,-1.255,-378.5,5.7,5404.26,256
087015,Catania,-,CT,17.665030364372466,514.9182692307693,747.7130060728744,0.217,2.3,0.0,0.7432,True,False,-1.2,0.86,False,0.0,0.251,0.0,True,0.45,208.98,6.61,-1.119,1861.1,22.2,3761.6800000000003,119
087016,Fiumefreddo di Sicilia,-,CT,17.788048245614036,633.0986842105265,631.8588815789474,0.179,-1.6,0.0,0.8291,True,False,2.5,0.6856,False,0.0,0.213,0.0,True,-0.09,2.63,0.78,-1.896,35.8,-0.6,47.32,14
087017,Giarre,-,CT,16.120504385964914,635.4701754385965,584.1048245614035,0.184,0.5,0.0,0.9526,True,False,-0.2,0.977,False,0.0,0.208,0.0,True,0.07,7.57,1.39,-1.587,94.0,3.0,136.18,25
087018,Grammichele,-,CT,16.23305235745614,490.36842105263156,739.1838815789475,0.242,2.2,0.0,0.7448,True,False,3.5,0.5485,False,0.0,0.284,0.0,True,0.37,31.41,2.33,-0.881,-185.9,25.3,565.34,42
087019,Gravina di Catania,-,CT,17.216036184210516,554.7756578947369,717.4361842105263,0.21,1.5,0.0,0.8432,True,False,-1.8,0.799,False,0.0,0.238,0.0,True,0.32,0.0,0.06,-1.273,0.0,0.5,0.07,1
087020,Licodia Eubea,-,CT,15.772296283471837,505.834349030471,711.502700831025,0.236,1.4,0.0,0.8334,True,False,4.2,0.4443,False,0.0,0.279,0.0,True,0.22,82.01,5.06,-0.818,226.9,9.0,1476.22,91
087021,Linguaglossa,-,CT,11.872357456140348,696.9568421052633,440.5672368421054,0.187,2.8,0.0,0.702,True,False,-1.5,0.7549,False,0.0,0.211,0.0,True,0.1,76.26,5.89,-1.204,-223.8,8.3,1372.73,106
087022,Maletto,-,CT,10.74047880116959,681.6214912280702,430.3855263157895,0.197,5.6,0.0,0.4215,True,False,-3.4,0.4583,False,0.0,0.215,0.0001,True,0.23,11.37,2.06,-0.86,29.2,0.9,204.68,37
087023,Mascali,-,CT,16.352820419103313,637.7925438596492,584.2070175438597,0.181,-0.4,0.0,0.9543,True,False,1.1,0.8579,False,0.0,0.209,0.0,True,-0.03,21.24,4.39,-1.679,86.9,-8.5,382.29,79
087024,Mascalucia,-,CT,16.06981907894736,586.8703947368422,657.6144736842107,0.208,2.4,0.0,0.7524,True,False,-2.3,0.7279,False,0.0,0.232,0.0,True,0.3,1.48,0.61,-1.221,28.4,4.0,26.7,11
087025,Militello in Val di Catania,-,CT,16.444487085769985,504.4149122807018,731.7995614035088,0.244,4.5,0.0,0.5134,True,False,2.5,0.6858,False,0.0,0.291,0.0,True,0.57,15.83,1.22,-0.893,161.3,10.2,285.0,22
087026,Milo,-,CT,12.59971673976608,692.6381578947368,459.39078947368415,0.186,2.8,0.0,0.7256,True,False,-2.2,0.6802,False,0.0,0.205,0.0001,True,0.1,5.84,1.22,-1.257,21.0,-1.6,105.11,22
087027,Mineo,-,CT,16.611917235217675,489.4576023391814,751.4447368421053,0.245,3.1,0.0,0.6372,True,False,2.9,0.6268,False,0.0,0.287,0.0,True,0.46,37.8,2.11,-0.821,225.4,33.5,680.46,38
087028,Mirabella Imbaccari,-,CT,16.117532894736843,492.17394736842107,735.3486842105264,0.244,1.8,0.0,0.7843,True,False,3.5,0.5585,False,0.0,0.281,0.0,True,0.15,3.36,0.67,-0.681,50.3,15.4,60.5,12
087029,Misterbianco,-,CT,17.254337993421046,534.8080592105264,726.1463815789474,0.218,2.5,0.0,0.7334,True,False,-2.0,0.776,False,0.0,0.248,0.0,True,0.39,0.0,0.0,-1.106,0.0,0.0,0.0,0
087030,Motta Sant'Anastasia,-,CT,17.38483187134504,518.2263157894736,737.7978070175437,0.225,3.0,0.0,0.6766,True,False,-1.7,0.809,False,0.0,0.255,0.0,True,0.41,8.66,0.22,-1.013,165.8,4.0,155.86,4
087031,Nicolosi,-,CT,11.297438197767145,711.8868421052631,461.30059808612447,0.2,5.7,0.0,0.4938,True,False,-3.7,0.4872,False,0.0,0.216,0.0001,True,0.27,38.21,3.39,-0.92,636.8,13.5,687.71,61
087032,Palagonia,-,CT,17.479237938596494,479.3067105263159,771.9192105263159,0.241,3.8,0.0,0.5559,True,False,1.7,0.7842,False,0.0,0.281,0.0,True,0.57,0.27,0.22,-0.913,-1.3,-0.9,4.87,4
087033,Paternò,-,CT,17.336810364727608,511.66821329639896,742.757271468144,0.227,3.5,0.0,0.6047,True,False,-0.9,0.897,False,0.0,0.253,0.0,True,0.4,8.95,0.83,-0.908,264.0,17.7,161.15,15
087034,Pedara,-,CT,13.505244883040938,659.5155701754387,533.4798245614037,0.2,3.8,0.0,0.635,True,False,-2.9,0.6371,False,0.0,0.218,0.0,True,0.23,12.8,1.17,-1.202,188.3,0.3,230.33,21
087035,Piedimonte Etneo,-,CT,13.5034649122807,680.7531578947367,488.8394736842106,0.184,1.6,0.0,0.8277,True,False,-0.5,0.9181,False,0.0,0.211,0.0,True,0.07,13.68,2.72,-1.356,-27.6,-13.5,246.22,49
087036,Raddusa,-,CT,16.75706323099415,492.56842105263155,757.9171052631579,0.243,2.3,0.0,0.7309,True,False,3.1,0.6312,False,0.0,0.276,0.0,True,0.06,0.28,0.06,-0.464,7.6,1.5,4.95,1
087037,Ramacca,-,CT,17.359129030346132,484.3082859174965,774.2071834992888,0.24,3.1,0.0,0.6344,True,False,1.8,0.7791,False,0.0,0.274,0.0,True,0.36,0.63,0.17,-0.727,-12.2,1.2,11.360000000000001,3
087038,Randazzo,-,CT,12.313517909356726,645.4455263157894,479.33074561403515,0.2,4.6,0.0,0.4777,True,False,-2.5,0.6096,False,0.0,0.226,0.0,True,0.27,362.18,19.44,-0.892,-282.9,28.8,6519.24,350
087039,Riposto,-,CT,18.06122532894737,608.0003289473685,656.7151315789475,0.179,-1.7,0.0,0.8172,True,False,2.3,0.7221,False,0.0,0.21,0.0,True,-0.1,2.52,0.17,-1.907,69.5,4.6,45.31,3
087040,San Cono,-,CT,15.649890350877202,498.7526315789473,718.213157894737,0.243,1.0,0.0,0.8833,True,False,3.5,0.5529,False,0.0,0.277,0.0,True,0.06,1.45,0.44,-0.764,42.3,7.6,26.03,8
087041,San Giovanni la Punta,-,CT,16.534292763157886,583.7069078947369,668.555592105263,0.202,1.3,0.0,0.8705,True,False,-1.3,0.8408,False,0.0,0.229,0.0,True,0.27,0.02,0.06,-1.352,0.1,0.2,0.31,1
087042,San Gregorio di Catania,-,CT,17.54413377192984,551.1322368421054,722.4118421052632,0.203,0.5,0.0,0.944,True,False,-0.7,0.9124,False,0.0,0.233,0.0,True,0.3,6.59,0.28,-1.368,120.4,5.5,118.58,5
087043,San Michele di Ganzaria,-,CT,15.756513157894753,498.39447368421054,720.2744736842108,0.244,1.5,0.0,0.831,True,False,3.5,0.5519,False,0.0,0.279,0.0,True,0.12,32.31,2.22,-0.768,421.2,0.8,581.58,40
087044,San Pietro Clarenza,-,CT,15.86587171052632,587.0046052631578,654.0684210526317,0.21,3.0,0.0,0.694,True,False,-2.8,0.679,False,0.0,0.233,0.0,True,0.32,0.0,0.06,-1.169,0.0,1.7,0.0,1
087045,Sant'Agata li Battiati,-,CT,16.91274671052631,570.2578947368422,693.011842105263,0.204,1.1,0.0,0.8896,True,False,-1.2,0.8595,False,0.0,0.232,0.0,True,0.28,0.0,0.0,-1.332,0.0,0.0,0.0,0
087046,Sant'Alfio,-,CT,10.738150062656642,735.8257518796992,403.6471804511278,0.186,4.0,0.0,0.6197,True,False,-2.8,0.5515,False,0.0,0.204,0.0001,True,0.16,1.35,0.67,-1.03,-19.9,-6.6,24.34,12
087047,Santa Maria di Licodia,-,CT,14.956533260233918,587.422149122807,620.1800438596491,0.212,4.4,0.0,0.5409,True,False,-2.4,0.6945,False,0.0,0.23,0.0,True,0.37,5.71,2.72,-0.973,55.6,27.9,102.79,49
087048,Santa Venerina,-,CT,16.481962719298245,619.0755263157895,614.1142105263157,0.188,0.4,0.0,0.9565,True,False,-0.4,0.9513,False,0.0,0.213,0.0,True,0.13,2.36,1.72,-1.556,-7.3,-9.4,42.49,31
087049,Scordia,-,CT,17.257392178362576,488.5811403508772,756.6030701754385,0.24,4.8,0.0,0.4694,True,False,1.5,0.8085,False,0.0,0.286,0.0,True,0.65,0.0,0.0,-0.912,0.0,0.0,0.0,0
087050,Trecastagni,-,CT,14.944051535087716,635.0138157894738,576.3712719298246,0.196,2.1,0.0,0.7909,True,False,-1.9,0.7687,False,0.0,0.218,0.0,True,0.21,5.32,1.39,-1.364,75.7,6.5,95.71,25
087051,Tremestieri Etneo,-,CT,16.908950109649123,568.934210526316,691.7861842105264,0.204,1.2,0.0,0.8751,True,False,-1.3,0.8438,False,0.0,0.232,0.0,True,0.29,1.74,0.33,-1.321,36.3,4.1,31.24,6
087052,Valverde,-,CT,17.12254660087719,575.7782894736841,683.1085526315788,0.196,0.1,0.0,0.9899,True,False,-0.3,0.9678,False,0.0,0.225,0.0,True,0.22,2.72,0.06,-1.485,75.1,1.5,48.92,1
087053,Viagrande,-,CT,15.604769736842096,617.3469298245617,606.4280701754386,0.196,1.6,0.0,0.8408,True,False,-1.5,0.8132,False,0.0,0.219,0.0,True,0.22,2.02,0.5,-1.41,1.8,-0.7,36.4,9
087054,Vizzini,-,CT,15.35369921514312,529.5454293628809,686.5986842105264,0.241,3.4,0.0,0.6185,True,False,3.6,0.5423,False,0.0,0.289,0.0,True,0.34,128.38,5.06,-0.922,871.7,35.6,2310.86,91
087055,Zafferana Etnea,-,CT,10.36830683479532,750.3723684210526,402.61918859649126,0.191,5.1,0.0,0.5417,True,False,-3.4,0.4754,False,0.0,0.206,0.0001,True,0.2,20.71,4.11,-0.951,-303.5,-22.0,372.74,74
087056,Mazzarrone,-,CT,16.899625365497077,456.97061403508775,771.2138157894736,0.22,-1.8,0.0,0.7484,True,False,5.2,0.3147,False,0.0,0.253,0.0,True,0.1,4.96,0.17,-0.713,-166.0,-2.0,89.36,3
087057,Maniace,-,CT,12.6569764254386,625.1850328947369,477.04325657894736,0.204,4.3,0.0,0.4836,True,False,-2.1,0.669,False,0.0,0.236,0.0,True,0.29,7.94,1.67,-0.827,-0.4,9.0,142.91,30
087058,Ragalna,-,CT,12.313925438596488,666.5319548872179,510.0366541353383,0.206,5.7,0.0,0.468,True,False,-3.3,0.5527,False,0.0,0.221,0.0001,True,0.31,73.38,8.44,-0.892,-152.3,37.3,1320.76,152
088001,Acate,Ragusa,RG,17.591571637426902,418.0207894736842,810.3063157894737,0.195,-5.1,0.0,0.3264,True,False,6.6,0.1564,False,0.0,0.218,0.0,True,-0.14,43.32,3.61,-0.695,436.6,-18.4,779.75,65
088002,Chiaramonte Gulfi,Ragusa,RG,16.18824819401445,487.52840557275545,737.5000773993809,0.224,-1.2,0.0,0.8388,True,False,5.4,0.2996,False,0.0,0.262,0.0,True,-0.0,107.14,8.11,-0.699,9.5,-90.3,1928.5,146
088003,Comiso,Ragusa,RG,17.02835800438596,456.16184210526313,785.7411184210526,0.2,-5.0,0.0,0.3654,True,False,6.6,0.1641,False,0.0,0.227,0.0,True,-0.25,31.97,3.33,-0.712,300.8,8.6,575.38,60
088004,Giarratana,Ragusa,RG,15.074298245614035,534.1961842105264,673.6590789473685,0.236,1.7,0.0,0.7956,True,False,4.6,0.4134,False,0.0,0.283,0.0,True,0.09,31.05,2.78,-0.868,151.8,-17.9,558.9,50
088005,Ispica,Ragusa,RG,18.171968984962408,460.33045112781963,815.1066729323308,0.176,-9.3,0.0,0.1332,True,False,7.3,0.1328,False,0.0,0.198,0.0,True,-0.6,7.76,0.56,-1.01,123.4,4.9,139.63,10
088006,Modica,Ragusa,RG,16.764818050986843,459.80232198142414,712.962693498452,0.202,-5.0,0.0,0.4102,True,False,6.6,0.1942,False,0.0,0.233,0.0,True,-0.37,7.59,0.61,-1.008,-74.3,-5.8,136.62,11
088007,Monterosso Almo,Ragusa,RG,14.980736642743222,533.2944976076556,672.0900717703349,0.236,1.3,0.0,0.8409,True,False,4.7,0.3901,False,0.0,0.281,0.0,True,0.07,144.54,6.5,-0.825,741.2,-50.6,2601.72,117
088008,Pozzallo,Ragusa,RG,18.232478070175432,457.06184210526317,818.9171052631579,0.174,-9.6,0.0,0.1141,True,False,7.6,0.1044,False,0.0,0.192,0.0,True,-0.64,0.0,0.0,-1.03,0.0,0.0,0.0,0
088009,Ragusa,Ragusa,RG,16.59468784994401,467.49232456140356,737.7170230263158,0.198,-5.1,0.0,0.3819,True,False,6.7,0.1558,False,0.0,0.225,0.0,True,-0.36,184.81,6.0,-0.87,999.6,-57.8,3326.52,108
088010,Santa Croce Camerina,Ragusa,RG,17.88534128289474,425.15493421052633,805.5909539473685,0.166,-9.0,0.0,0.0958,True,False,8.0,0.0576,False,0.0,0.178,0.0,True,-0.65,0.88,0.11,-0.815,19.2,2.9,15.760000000000002,2
088011,Scicli,Ragusa,RG,17.576571637426902,429.69350328947365,744.7799342105263,0.178,-8.5,0.0,0.1447,True,False,7.7,0.0861,False,0.0,0.196,0.0,True,-0.59,6.61,0.72,-1.017,56.3,4.3,119.05,13
088012,Vittoria,Ragusa,RG,17.511954246411488,410.4532608695652,769.0332379862701,0.192,-5.7,0.0,0.2829,True,False,6.8,0.1378,False,0.0,0.214,0.0,True,-0.26,27.12,6.28,-0.663,36.4,-64.9,488.24,113
089001,Augusta,Siracusa,SR,17.72679093567251,411.9263157894737,614.29240430622,0.205,0.0,0.0,0.9991,True,False,1.6,0.7994,False,0.0,0.246,0.0,True,0.44,51.14,1.0,-1.309,1075.8,3.2,920.6,18
089002,Avola,Siracusa,SR,17.395882675438592,494.07052631578955,761.2640789473684,0.196,-5.7,0.0,0.3983,True,False,5.9,0.2945,False,0.0,0.234,0.0,True,-0.32,181.54,8.0,-1.06,-755.6,-54.8,3267.75,144
089003,Buccheri,Siracusa,SR,15.310650917065397,537.3694976076556,678.3721291866028,0.237,3.8,0.0,0.5824,True,False,3.3,0.5714,False,0.0,0.285,0.0,True,0.32,25.01,2.44,-0.978,40.6,-23.7,450.15999999999997,44
089004,Buscemi,Siracusa,SR,14.974462719298241,543.4173684210526,664.7878947368422,0.234,2.2,0.0,0.7426,True,False,4.3,0.4518,False,0.0,0.281,0.0,True,0.12,60.33,5.5,-0.95,210.9,-91.1,1086.01,99
089005,Canicattini Bagni,Siracusa,SR,16.49913377192982,515.285,719.1378947368421,0.213,-1.7,0.0,0.8095,True,False,4.6,0.4385,False,0.0,0.258,0.0,True,0.0,4.89,0.61,-1.135,-87.1,-6.5,88.09,11
089006,Carlentini,Siracusa,SR,16.77048245614035,511.2536184210527,726.702894736842,0.229,4.2,0.0,0.5343,True,False,1.0,0.8718,False,0.0,0.274,0.0,True,0.53,146.01,3.78,-1.031,146.0,-20.5,2628.11,68
089007,Cassaro,Siracusa,SR,15.152923976608188,540.7907894736841,663.332456140351,0.232,2.9,0.0,0.6768,True,False,3.8,0.526,False,0.0,0.279,0.0,True,0.2,61.7,2.44,-1.041,283.5,-21.6,1110.55,44
089008,Ferla,Siracusa,SR,15.345106907894738,539.5618421052632,673.4996710526315,0.233,3.8,0.0,0.583,True,False,3.2,0.5977,False,0.0,0.281,0.0,True,0.28,4.13,0.78,-1.049,-5.6,-3.4,74.42999999999999,14
089009,Floridia,Siracusa,SR,17.066215886939567,509.87997076023385,733.6214912280701,0.206,-2.5,0.0,0.7265,True,False,4.3,0.4691,False,0.0,0.249,0.0,True,0.07,5.24,0.5,-1.269,-50.3,-6.1,94.34,9
089010,Francofonte,Siracusa,SR,16.61815114709852,501.723076923077,731.5943319838057,0.24,4.7,0.0,0.4854,True,False,2.0,0.7397,False,0.0,0.288,0.0,True,0.57,29.58,3.0,-0.939,-491.3,-60.2,532.39,54
089011,Lentini,Siracusa,SR,17.477848768556008,488.464524291498,760.668927125506,0.236,4.5,0.0,0.4951,True,False,0.4,0.948,False,0.0,0.278,0.0,True,0.62,5.45,0.72,-0.926,-53.1,-6.0,98.02,13
089012,Melilli,Siracusa,SR,17.226260964912278,512.6741854636592,736.3934837092731,0.209,0.2,0.0,0.977,True,False,2.4,0.6954,False,0.0,0.252,0.0,True,0.36,318.72,4.72,-1.256,2461.5,-33.1,5737.01,85
089013,Noto,Siracusa,SR,17.253520733652312,488.719019138756,764.8522009569377,0.2,-4.9,0.0,0.4498,True,False,5.9,0.2802,False,0.0,0.236,0.0,True,-0.29,246.42,14.94,-1.003,-1415.2,-131.5,4435.51,269
089014,Pachino,Siracusa,SR,18.64631304824561,453.99523026315796,831.6465460526315,0.167,-10.4,0.0,0.0988,True,False,7.5,0.1157,False,0.0,0.189,0.0,True,-0.7,4.52,0.44,-0.825,-26.1,-1.2,81.42,8
089015,Palazzolo Acreide,Siracusa,SR,15.812086988304094,525.2887719298246,693.6641228070176,0.225,0.8,0.0,0.9049,True,False,4.2,0.4767,False,0.0,0.271,0.0,True,0.11,33.67,2.5,-1.044,-364.0,-26.7,606.14,45
089016,Rosolini,Siracusa,SR,17.23173498650473,480.60495951417005,777.8221659919029,0.2,-5.5,0.0,0.3733,True,False,6.4,0.2191,False,0.0,0.232,0.0,True,-0.39,17.62,0.61,-1.026,56.9,6.2,317.11,11
089017,Siracusa,Siracusa,SR,18.04171434019832,471.0732456140351,741.6958333333333,0.187,-6.9,0.0,0.342,True,False,5.4,0.3423,False,0.0,0.226,0.0,True,-0.13,67.53,5.17,-1.31,-974.0,-64.1,1215.47,93
089018,Solarino,Siracusa,SR,17.00222953216374,511.082456140351,729.1171052631579,0.209,-1.7,0.0,0.8125,True,False,3.8,0.5205,False,0.0,0.252,0.0,True,0.13,2.67,0.5,-1.266,-6.9,-2.0,48.08,9
089019,Sortino,Siracusa,SR,16.171918076441106,528.1382518796993,699.3718984962405,0.221,1.9,0.0,0.7898,True,False,3.0,0.6275,False,0.0,0.266,0.0,True,0.28,125.07,3.5,-1.149,1542.2,-16.2,2251.29,63
089020,Portopalo di Capo Passero,Siracusa,SR,18.68251096491228,377.0967105263159,693.2085526315791,0.166,-10.6,0.0,0.0916,True,False,7.7,0.0996,False,0.0,0.186,0.0,True,-0.74,1.38,0.06,-0.791,0.9,0.0,24.92,1
089021,Priolo Gargallo,Siracusa,SR,17.65965460526316,506.55526315789484,752.3003947368421,0.197,-3.6,0.0,0.6198,True,False,4.0,0.503,False,0.0,0.238,0.0,True,0.13,23.08,1.22,-1.388,-165.5,-12.5,415.39,22
